batch,cell_id,source_index,barcode,channel_id,policy,cycle_life_raw,n_summary,first_cycle,last_cycle,last_qd,tail5_qd,first_below_80,n_below_80,curve_issue,curve_slot10_zero_based,curve_slot100_zero_based,c_rate_stage1,c_rate_stage2,n_early_valid_qd,qd_cycle2,qd_mean_2_100,qd_std_2_100,qd_change_100_10,qd_slope_10_100,ir_mean_2_100,ir_change_early,tavg_mean_2_100,tmax_mean_2_100,chargetime_mean_2_100,log10_deltaq_var,deltaq_mean,deltaq_min
Batch 2,b2c0,0,,,5.2C(58%)-4C,477.0,496,1.0,496.0,0.82661337,0.83334714,477.0,20,,9,99,5.2,4.0,99,1.1020051,1.105088570707071,0.0030948231961788306,0.0015544999999999032,1.0050197483675751e-05,0.017335808494949492,7.471908888889017e-05,31.808470926230026,35.36620380400637,10.17325806397317,-3.486830284527127,-0.025801000173386008,-0.055061277717081025
Batch 2,b2c1,1,,,5.6C(26%)-4.5C,491.0,513,1.0,513.0,0.82848173,0.83282876,491.0,23,,9,99,5.6,4.5,99,1.1057826,1.1049235595959594,0.0034186652963796474,-0.006769200000000142,-3.1866625258790506e-05,0.01755231991919192,-0.00048054395555555476,33.60099815475848,36.451634705216804,10.198514225589118,-3.297616853702019,-0.035595007639683186,-0.0661147205894651
Batch 2,b2c2,2,,,5.2C(50%)-4.25C,424.0,439,1.0,439.0,0.82700932,0.83253539,424.0,16,,9,99,5.2,4.25,99,1.0753863,1.0746630466666667,0.011236718471533083,-0.005759800000000093,-6.105121197639826e-06,0.01646109804040404,-5.3404633333337115e-05,33.17566129490617,37.429077970616994,10.17503702020208,-3.4598138533388,-0.025013386420214043,-0.052717818544041395
Batch 2,b2c3,3,,,4.65C(44%)-5C,499.0,517,1.0,517.0,0.82550967,0.83514154,499.0,19,,9,99,4.65,5.0,99,1.0959566,1.1014852565656565,0.003028908271206987,0.001900600000000141,7.46289679885362e-05,0.01591516953535354,0.00011781420000000001,33.93805810095692,38.772733971659186,10.173178956229002,-3.4958084852006754,-0.020089882918698704,-0.05586845261151374
Batch 2,b2c4,4,,,4.65C(69%)-6C,444.0,464,1.0,464.0,0.82712674,0.8305884,444.0,21,,9,99,4.65,6.0,99,1.0899745,1.0859254535353535,0.0032142168158441403,-0.009355000000000002,-6.578035355948732e-05,0.016186317888888888,-0.0005694166777777815,33.04820861652687,37.435182660123296,10.231960420875373,-3.232072300452541,-0.034781796484889084,-0.07029720690084085
Batch 2,b2c5,5,,,3.6C(30%)-6C,416.0,445,1.0,445.0,0.8261537,0.8263551,416.0,30,,9,99,3.6,6.0,99,1.0989141,1.0879375151515152,0.012903827007209628,-0.02270519999999987,-0.00018602243828634072,0.015297588929292928,-0.0004654875777777758,33.01307013030371,37.65087846482749,10.198699713804725,-3.0854472125051675,-0.04648540460048997,-0.08615002847927744
Batch 2,b2c6,6,,,3.6C(9%)-5C,393.0,409,1.0,409.0,0.82940364,0.83794844,393.0,17,,9,99,3.6,5.0,99,1.0885617,1.0929755737373739,0.002896263078645376,0.00025420000000009324,5.756180124223628e-05,0.016037468727272727,-0.000193168577777781,33.81904518975318,39.79713499833347,10.17931370370378,-3.5296051747279322,-0.02082479246051704,-0.04987247893740465
Batch 2,b2c7,7,,,4.8C(80%)-4.8C-newstructure,777.0,806,1.0,806.0,0.8264814,0.83149916,777.0,30,,9,99,4.8,4.8,99,1.0904776,1.0930350373737374,0.002457325526574097,0.00692769999999987,5.744192705845211e-05,0.014790622575757575,-6.2085111111106345e-06,33.769687089746824,37.14950685044426,10.035777525252517,-4.231235578131388,-0.008823099834708447,-0.021737979924043582
Batch 2,b2c8,8,,,5.2C(58%)-4C-newstructure,904.0,947,1.0,947.0,0.8255862,0.82913011,904.0,44,,9,99,5.2,4.0,99,1.0906329,1.0901590962626262,0.012157279011244563,-0.0007699999999999374,-5.30790716674609e-05,0.016466365090909093,5.57987777777616e-06,33.59868374090274,35.674109782051225,10.03986983164983,-4.101987968526722,-0.011203415580045945,-0.027841110945332148
Batch 2,b2c9,9,,,5.6C(26%)-4.5C-newstructure,791.0,819,1.0,819.0,0.82610458,0.83250105,791.0,29,,9,99,5.6,4.5,99,1.0949715,1.0975024424242423,0.00186904105159399,-0.0010336999999998042,-3.945754419493187e-05,0.015396235121212121,-1.9121155555554964e-05,32.3508526526095,33.58605048865401,10.039928501683493,-4.343991170888546,-0.007446960333569007,-0.019754152325308416
Batch 2,b2c10,10,,,4.8C(80%)-4.8C,492.0,519,1.0,519.0,0.82791102,0.83042371,492.0,28,,9,99,4.8,4.8,99,1.1092782,1.1111783965656563,0.011600683760348805,0.006365199999999849,6.384393725116053e-05,0.01705791890909091,-9.523994444444323e-05,31.720791269063756,34.35574737651136,10.169499612794551,-3.450465601523543,-0.02952029629956943,-0.05580244986198335
Batch 2,b2c11,11,,,5.2C(50%)-4.25C,449.0,468,1.0,468.0,0.82524824,0.83201712,449.0,20,,9,99,5.2,4.25,99,1.0959171,1.1010659737373738,0.014295877598010206,0.010471899999999978,0.00012643977384934718,0.01721894155555555,0.00035830155555555826,33.146477466034135,37.95576609273272,10.173883215488235,-3.484958709205863,-0.024012633467613776,-0.05489875594719695
Batch 2,b2c12,12,,,4.65C(44%)-5C,466.0,493,1.0,493.0,0.82528538,0.82764262,466.0,28,,9,99,4.65,5.0,99,1.1016457,1.104144308080808,0.0020938036163821792,0.0038705999999999463,3.275929447364646e-05,0.01652292034343434,-0.0004403771666666688,31.314676947956993,33.5953920153671,10.174858552188601,-3.167533856376959,-0.03939759227215439,-0.07733124344865683
Batch 2,b2c13,13,,,4.65C(69%)-6C,460.0,483,1.0,483.0,0.82574999,0.83100778,460.0,24,,9,99,4.65,6.0,99,1.0954365,1.0949361080808082,0.0014581361358397807,-0.001671499999999826,-8.52741041567002e-06,0.016067178222222225,-0.0006049385555555557,31.946988973926523,35.0716189725971,10.214119579124512,-3.344013210109811,-0.0340700221226121,-0.06467448840609535
Batch 2,b2c14,14,,,3.6C(30%)-6C,426.0,461,1.0,461.0,0.82618046,0.82829893,426.0,36,,9,99,3.6,6.0,99,1.0844886,1.0792566424242422,0.003518168643694178,-0.007291900000000018,-0.0001001943749004632,0.016259522828282826,-0.0005302999666666648,32.123877001585356,35.20046863818076,10.23842933673479,-3.1180854544748184,-0.04455576451036339,-0.0837144352028476
Batch 2,b2c15,15,,,3.6C(9%)-5C,396.0,414,1.0,414.0,0.82608759,0.83122098,396.0,19,,9,99,3.6,5.0,99,1.0697494,1.0750435303030301,0.0030261479815690447,0.0058939000000000075,8.864344640866963e-05,0.016303822929292926,-0.0006069465555555535,32.862747677246595,36.07268366663823,10.173053501683547,-3.5158174150026964,-0.024135288352654265,-0.05093467639415561
Batch 2,b2c16,16,,,4.8C(80%)-4.8C,472.0,499,1.0,499.0,0.82648873,0.83053106,472.0,28,,9,99,4.8,4.8,99,1.0945363,1.0970297515151517,0.0019838325818477545,-0.0024861000000000466,-2.2458525242871458e-05,0.01749052915151515,-0.00013300996666667023,32.7673986704417,36.992036254667184,10.171620942760958,-3.4944464801006045,-0.026244652410942607,-0.0532543676756424
Batch 2,b2c17,17,,,5.6C(26%)-4.5C,471.0,494,1.0,494.0,0.8272146,0.83037257,471.0,24,,9,99,5.6,4.5,99,1.0917177,1.0939235666666667,0.002225918331608309,0.0018574999999998454,3.920608058608689e-05,0.017088656323232324,-0.0002365889555555542,32.988612809790894,34.74907966738554,10.181222777777869,-3.4999096167000205,-0.024346340387445996,-0.05256239657553352
Batch 2,b2c18,18,,,5.2C(50%)-4.25C,449.0,467,1.0,467.0,0.82719898,0.8332963,449.0,19,,9,99,5.2,4.25,99,1.0756292,1.0825073353535357,0.003524393881589926,0.007177800000000012,0.00010981586399107856,0.016646742727272724,0.00011152535555555843,32.88627829858526,36.40182568496011,10.174147626262663,-3.7068682244022804,-0.016640891110932497,-0.03974566910430133
Batch 2,b2c19,19,,,6C(60%)-3C,392.0,411,1.0,411.0,0.82597393,0.83240563,392.0,20,,9,99,6.0,3.0,99,1.0902406,1.094755986868687,0.0028391098701311436,0.0006085999999998482,1.2324980092367542e-05,0.016718258151515154,0.00023682442222222252,32.770067410122046,36.54883267067881,10.173763619528666,-3.2915234927686763,-0.03430820779792184,-0.06565175087353758
Batch 2,b2c20,20,,,5.2C(58%)-4C,489.0,506,1.0,506.0,0.82856864,0.83594912,489.0,18,,9,99,5.2,4.0,99,1.0977259,1.1000841181818182,0.0021101792992594143,0.0038581999999998118,2.7545793916224386e-05,0.016610858888888892,0.0002697577777777786,33.61911118506716,36.88625705741767,10.172928639455789,-3.440870919636383,-0.024435139451588442,-0.06050408803806073
Batch 2,b2c21,21,,,6C(60%)-3C,408.0,426,1.0,426.0,0.82783753,0.83233672,408.0,19,,9,99,6.0,3.0,99,1.0985936,1.1011154092929292,0.011048313124272789,-0.002316299999999938,3.9052729096991255e-05,0.017200276171717172,0.00021337985555555314,33.60118814118363,38.660766342322724,10.174732340067363,-3.326244563425288,-0.03328855261100499,-0.06446758204398206
Batch 2,b2c22,22,,,VarCharge-2C-100cycles,,920,1.0,920.0,1.0556005,1.0556053,,0,,9,99,2.0,,98,1.0913191,1.0913044707142858,0.010596596537163092,-0.009375200000000028,-7.30563340788864e-06,0.021770682,-3.469446951953614e-18,34.50224371401082,38.12900722940261,24.214001377550943,-4.640734188833994,-0.002618816303222525,-0.006779169322993939
Batch 2,b2c23,23,,,VarCharge-4C-100cycles,,1152,1.0,1152.0,0.97824305,0.97824305,,0,,9,99,4.0,,98,1.0904602,1.0854498825510204,0.016327833495116472,-0.016581300000000132,-0.00011735483921603266,0.021160888999999992,-3.469446951953614e-18,34.147927604894626,35.52762158388801,12.213424642857158,-4.355819765383145,-0.011590160361131023,-0.01921756649136097
Batch 2,b2c24,24,,,4.8C(80%)-4.8C,514.0,536,1.0,536.0,0.82615805,0.83160603,514.0,22,,9,99,4.8,4.8,99,1.0923017,1.0963041979797978,0.002411541374600509,0.00628659999999992,4.004748686096753e-05,0.01651537671717172,-4.076283333333264e-05,33.206377241160645,38.17140352057085,10.16999885521886,-3.640450756301035,-0.02277147977476359,-0.04572997432532899
Batch 2,b2c25,25,,,5.2C(58%)-4C,493.0,511,1.0,511.0,0.82751423,0.83591986,493.0,19,,9,99,5.2,4.0,99,1.098838,1.1022470464646466,0.0024328797145600463,0.005356099999999975,3.655321070234296e-05,0.01674041588888889,0.0001409753333333312,32.23848796399698,34.442510549892894,10.172931649831627,-3.5340434182477156,-0.023610982444417374,-0.05050846489030969
Batch 2,b2c26,26,,,5.6C(26%)-4.5C,450.0,476,1.0,476.0,0.82529837,0.82702196,450.0,27,,9,99,5.6,4.5,99,1.1043522,1.10416721010101,0.0021525132430989065,4.099999999995774e-05,-8.591318681323915e-06,0.017700572575757578,-0.0005027522333333305,33.75843376995604,36.91322322353181,10.19580411564622,-3.2216190960192628,-0.03803854165400029,-0.0733087791289827
Batch 2,b2c27,27,,,5.2C(50%)-4.25C,474.0,493,1.0,493.0,0.8266983,0.83162057,474.0,20,,9,99,5.2,4.25,99,1.0925682,1.0985360303030303,0.002710329967777584,0.006948799999999977,8.367819397993538e-05,0.01758869122222222,0.00020591513333333492,33.30411096115286,38.09066395642736,10.17464639730628,-3.4857691211237922,-0.02468392780224258,-0.05449125756065937
Batch 2,b2c28,28,,,4.8C(80%)-4.8C,437.0,456,1.0,456.0,0.82741743,0.8343333,437.0,20,,9,99,4.8,4.8,99,1.0904486,1.095054122222222,0.002467078314117944,0.005930200000000108,5.108195572543323e-05,0.016274739303030306,-0.00033626043333333244,32.143914131113334,35.334859521378185,10.173453112244816,-3.4229766573491887,-0.027989332592662373,-0.05649138678277321
Batch 2,b2c29,29,,,5.2C(58%)-4C,452.0,470,1.0,470.0,0.82541627,0.82874656,452.0,19,,9,99,5.2,4.0,99,1.1032062,1.1100257606060604,0.003692848413298288,0.010227500000000056,0.00011401295747730604,0.016732251515151515,0.00018632538888888397,31.797490897448796,34.43823202248059,10.173048585858563,-3.5078136673204168,-0.02532223237657199,-0.05263352953614442
Batch 2,b2c30,30,,,5.6C(26%)-4.5C,412.0,429,1.0,429.0,0.82665932,0.83367395,412.0,17,,9,99,5.6,4.5,99,1.0946374,1.0929829222222223,0.003454070375849978,-0.005918899999999949,-8.940455964325517e-05,0.016883249333333333,-0.0007523370555555554,33.81182141567536,37.34308786098118,10.201115306122439,-3.1849750475008567,-0.03965588948997046,-0.07552303651130998
Batch 2,b2c31,31,,,5.6C(26%)-4.5C,425.0,446,1.0,446.0,0.82528561,0.82979596,425.0,22,,9,99,5.6,4.5,99,1.0990092,1.0998533494949494,0.0017769685254611462,0.002072800000000097,4.7088318203547896e-05,0.016325805828282827,-0.0003156403111111081,33.3758501254003,35.656391701768925,10.194512441077386,-3.351924319713292,-0.030624456764042955,-0.06422883358208353
Batch 2,b2c32,32,,,4.8C(80%)-4.8C-newstructure,809.0,834,1.0,834.0,0.82744044,0.83060628,809.0,26,,9,99,4.8,4.8,99,1.0881557,1.0900473909090909,0.003036023277518568,-0.003806299999999929,-7.674978818282664e-05,0.014811171424242424,-7.028289999999951e-05,32.16894887045923,33.94637920302099,10.040991343537481,-4.131031643392329,-0.013389939833647101,-0.02746120651303563
Batch 2,b2c33,33,,,5.2C(58%)-4C-newstructure,1140.0,1190,1.0,1190.0,0.82506907,0.82761937,1140.0,51,,9,99,5.2,4.0,99,1.0732747,1.0705903191919193,0.01495196886473671,-0.005766399999999949,-0.00013961106864150057,0.014990987444444446,-3.0117444444442698e-05,32.74157143407892,34.30263809635044,10.03956353535346,-4.2311938075637325,-0.011579541007786182,-0.024084742136216253
Batch 2,b2c34,34,,,5.6C(26%)-4.5C-newstructure,1186.0,1252,1.0,1252.0,0.82562441,0.82763171,1186.0,67,,9,99,5.6,4.5,99,1.0671737,1.0671324676767675,0.0020874714388575744,-0.0043455999999999495,-6.514612836439189e-05,0.01495288393939394,-1.60371888888889e-05,35.66789148456313,38.96110461672359,10.040434234693901,-4.448150661550735,-0.008120054579074073,-0.01914294964399932
Batch 2,b2c35,35,,,VarCharge-6C-100cycles,,423,1.0,423.0,0.88112044,0.88346595,,0,,9,99,6.0,,98,1.0689886,1.0461600108163265,0.019903043040966694,-0.03594419999999987,-0.00041917475346873296,0.020666520999999993,0.0,36.507257940976096,38.37857902090733,8.094846428571415,-3.2184744490870476,-0.044821244304517734,-0.07570840765806064
Batch 2,b2c36,36,,,VarCharge-8C-100cycles,,280,1.0,280.0,0.88107425,0.8833425,,0,,9,99,8.0,,98,1.0722352,1.0332139762244896,0.02499295857320199,-0.06289379999999989,-0.0007664653788290048,0.02033557,0.0,38.56623803155033,41.3959147615797,6.762870340136079,-2.68448329757314,-0.08442876531435932,-0.1360257368450053
Batch 2,b2c37,37,,,3.6C(80%)-3.6C(SLOWCYCLE,,101,1.0,101.0,2.1693008,1.0848744,,0,,9,99,3.6,3.6,98,1.0834186,1.084200792755102,0.008703602332602941,,4.146124624436755e-06,0.017241923626262628,0.0010812849666666687,32.93003403034187,38.01191656898937,13.50426811224504,-4.770176374855136,-0.0029820466170849703,-0.028681743378075525
Batch 2,b2c38,38,,,4.8C(80%)-4.8C(SLOWCYCLE,,101,1.0,101.0,2.1653843,1.0821536,,0,,9,99,4.8,4.8,98,1.0843664,1.0841066612244898,0.0022952325201063177,,-6.0550901757420906e-05,0.01658499318181818,0.0007601690999999994,36.41258964127956,,10.168094234693923,-4.214915742585958,-0.013148209711945616,-0.03614952540357205
Batch 2,b2c39,39,,,3.6C(9%)-5C(SLOWCYCLE,,434,1.0,434.0,0.88120419,0.88493532,,0,,9,99,3.6,5.0,98,1.072063,1.0712681928571428,0.002494770827978522,,-7.877142527883738e-05,0.016808221434343434,0.0004810979111111134,32.886249589388996,37.62435433742629,10.173386530612175,-3.362148981503471,-0.03455301965015995,-0.06095179783518334
Batch 2,b2c40,40,,,5.2C(58%)-4C(SLOWCYCLE,,459,1.0,459.0,0.88021344,0.88395143,,0,,9,99,5.2,4.0,98,1.0839667,1.0855828591836734,0.0014542544382573372,,-2.4266833765481506e-05,,,32.46931392128253,36.705870270590154,10.173126718213089,-3.5991327645155344,-0.02547583082825176,-0.048163210220580344
Batch 2,b2c41,41,,,5.6C(26%)-4.5C,442.0,463,1.0,463.0,0.82606894,0.83210248,442.0,22,,9,99,5.6,4.5,99,1.1049188,1.1059561515151515,0.001764060160473682,0.003105399999999925,2.763353240961766e-05,,,30.193787010451164,32.72284623520075,10.189121445578202,-3.17193129840298,-0.037768291495701274,-0.08093104924483763
Batch 2,b2c42,42,,,5.2C(50%)-4.25C,474.0,497,1.0,497.0,0.82577723,0.83053553,474.0,24,,9,99,5.2,4.25,99,1.1024443,1.107131119191919,0.003414171386160359,0.00849040000000012,8.673744545309738e-05,,,31.709620029469267,35.574378964676875,10.175111565656564,-3.4821531362335185,-0.02934071492636848,-0.054167624970645756
Batch 2,b2c43,43,,,4.8C(80%)-4.8C-newstructure,1029.0,1061,1.0,1061.0,0.82532436,0.83006835,1029.0,33,,9,99,4.8,4.8,99,1.0974334,1.0986638707070708,0.003212140914844591,-0.0031058000000001584,-8.207105590061978e-05,,,33.92914533704784,36.97438163334141,10.036751245791278,-4.27134741684955,-0.00777834835139346,-0.019164842112240565
Batch 2,b2c44,44,,,5.2C(58%)-4C-newstructure,841.0,874,1.0,874.0,0.82503617,0.828767,841.0,34,,9,99,5.2,4.0,99,1.09659,1.0976287414141412,0.0012840951424055423,-0.0010189000000000448,-2.9368394648826308e-05,,,33.95995836968299,36.8790253111546,10.040506156462564,-4.3640889685513224,-0.008750572617170911,-0.020302277620516618
Batch 2,b2c45,45,,,5.6C(26%)-4.5C-newstructure,997.0,1027,1.0,1027.0,0.82734823,0.83153808,997.0,31,,9,99,5.6,4.5,99,1.1030351,1.1012188434343433,0.008313273473128534,-0.0035545999999999633,-8.36388612836361e-05,,,35.271412144027664,37.86687606904902,10.040190555555519,-4.174780437396987,-0.011157666285585534,-0.026670418787086536
Batch 2,b2c46,46,,,4.8C(80%)-4.8C,503.0,523,1.0,523.0,0.82638663,0.83298075,503.0,21,,9,99,4.8,4.8,99,1.100943,1.102562018181818,0.002305050952672606,-0.001817100000000016,1.981349259437136e-05,,,29.88150861827619,31.01220065415558,10.169808435374172,-3.5084406210446826,-0.02283429863191323,-0.05286240500828243
