batch,cell_id,invalid_capacity_count,zero_capacity_count,missing_values,duplicate_cycle_count,curve_issue
Batch 3,b3c0,0,0,0,0,
Batch 3,b3c1,0,0,0,0,
Batch 3,b3c2,0,0,0,0,
Batch 3,b3c3,0,0,0,0,
Batch 3,b3c4,0,0,0,0,
Batch 3,b3c5,0,0,0,0,
Batch 3,b3c6,0,0,0,0,
Batch 3,b3c7,0,0,0,0,
Batch 3,b3c8,0,0,0,0,
Batch 3,b3c9,0,0,0,0,
Batch 3,b3c10,0,0,0,0,
Batch 3,b3c11,0,0,0,0,
Batch 3,b3c12,0,0,0,0,
Batch 3,b3c13,0,0,0,0,
Batch 3,b3c14,0,0,0,0,
Batch 3,b3c15,0,0,0,0,
Batch 3,b3c16,0,0,0,0,
Batch 3,b3c17,0,0,0,0,
Batch 3,b3c18,0,0,0,0,
Batch 3,b3c19,0,0,0,0,
Batch 3,b3c20,0,0,0,0,
Batch 3,b3c21,0,0,0,0,
Batch 3,b3c22,0,0,0,0,
Batch 3,b3c23,0,0,0,0,
Batch 3,b3c24,0,0,0,0,
Batch 3,b3c25,0,0,0,0,
Batch 3,b3c26,0,0,0,0,
Batch 3,b3c27,0,0,0,0,
Batch 3,b3c28,0,0,0,0,
Batch 3,b3c29,0,0,0,0,
Batch 3,b3c30,0,0,0,0,
Batch 3,b3c31,0,0,0,0,
Batch 3,b3c32,0,0,0,0,
Batch 3,b3c33,0,0,0,0,
Batch 3,b3c34,0,0,0,0,
Batch 3,b3c35,0,0,0,0,
Batch 3,b3c36,0,0,0,0,
Batch 3,b3c37,0,0,0,0,
Batch 3,b3c38,0,0,0,0,
Batch 3,b3c39,0,0,0,0,
Batch 3,b3c40,0,0,0,0,
Batch 3,b3c41,0,0,0,0,
Batch 3,b3c42,0,0,0,0,
Batch 3,b3c43,0,0,0,0,
Batch 3,b3c44,0,0,0,0,
Batch 3,b3c45,0,0,0,0,
