batch,cell_id,source_index,barcode,channel_id,policy,cycle_life_raw,n_summary,first_cycle,last_cycle,last_qd,tail5_qd,first_below_80,n_below_80,curve_issue,curve_slot10_zero_based,curve_slot100_zero_based,c_rate_stage1,c_rate_stage2,n_early_valid_qd,qd_cycle2,qd_mean_2_100,qd_std_2_100,qd_change_100_10,qd_slope_10_100,ir_mean_2_100,ir_change_early,tavg_mean_2_100,tmax_mean_2_100,chargetime_mean_2_100,log10_deltaq_var,deltaq_mean,deltaq_min,cycle_life,label_status,exclusion_reason,analysis_eligible,split_role
Batch 1,b1c0,0,,,3.6C(80%)-3.6C,1190.0,1189,1.0,1189.0,1.0262098,1.0264986,,0,,9,99,3.6,3.6,98,1.0706892,1.0759184336734693,0.0011995678608756,0.0013753,3.0947155680760724e-06,0.016643322040404,3.6843988888885654e-05,31.603747328822767,35.376748303030304,13.384230505050484,-5.0144265311867695,-0.0028734152246919,-0.0084596429342688,1190.0,unresolved_or_missing,원저자 B1 비완주 5개 또는 별도 후속기록 필요 5개; 확정 교차 또는 80% 근처 종료 라벨로 확인되지 않음,False,excluded
Batch 1,b1c1,1,,,3.6C(80%)-3.6C,1179.0,1178,1.0,1178.0,1.0382246,1.0386999,,0,,9,99,3.6,3.6,99,1.0753012,1.0812468797979795,0.0011849492301258,0.0008531,-1.386407708233212e-05,0.016921770387755,6.017581111111142e-05,31.33031430692745,34.16065478787879,13.374696464646446,-5.013525105388837,-0.0040996146213451,-0.0110038165966219,1179.0,unresolved_or_missing,원저자 B1 비완주 5개 또는 별도 후속기록 필요 5개; 확정 교차 또는 80% 근처 종료 라벨로 확인되지 않음,False,excluded
Batch 1,b1c2,2,,,3.6C(80%)-3.6C,1177.0,1176,1.0,1176.0,1.0432786,1.0435855,,0,,9,99,3.6,3.6,99,1.0799223,1.0853711969696969,0.0010203247461306,0.0011586999999999,-5.208700429995722e-06,0.0167689786020408,9.529823333333244e-05,31.47958411321121,34.54464383838384,13.378886329966337,-4.736565230206518,-0.0044867342828869,-0.0172163918496444,1177.0,unresolved_or_missing,원저자 B1 비완주 5개 또는 별도 후속기록 필요 5개; 확정 교차 또는 80% 근처 종료 라벨로 확인되지 않음,False,excluded
Batch 1,b1c3,3,,,4C(80%)-4C,1226.0,1225,1.0,1225.0,0.97092122,0.97135609,,0,,9,99,4.0,4.0,99,1.0797229,1.08494896969697,0.001090796352912,0.000442,6.368388278398741e-06,0.0163109127346938,0.0001062800111111,29.942198807956427,30.662263141414144,12.053277171717166,-4.442178847502994,-0.0074557847000184,-0.0189605397732695,1226.0,unresolved_or_missing,원저자 B1 비완주 5개 또는 별도 후속기록 필요 5개; 확정 교차 또는 80% 근처 종료 라벨로 확인되지 않음,False,excluded
Batch 1,b1c4,4,,,4C(80%)-4C,1227.0,1226,1.0,1226.0,1.0219597,1.0218652,,0,,9,99,4.0,4.0,99,1.0784167,1.082843531313131,0.0010894842680982,0.0006920999999999,8.424255454690661e-06,0.0166688861632653,3.838368888888638e-05,31.44888383416564,34.38251588888889,12.053313636363642,-4.647309148533841,-0.0057500081219601,-0.0139579950936773,1227.0,unresolved_or_missing,원저자 B1 비완주 5개 또는 별도 후속기록 필요 5개; 확정 교차 또는 80% 근처 종료 라벨로 확인되지 않음,False,excluded
Batch 1,b1c5,5,,,4.4C(80%)-4.4C,1074.0,1073,1.0,1073.0,0.88053626,0.88211918,,0,,9,99,4.4,4.4,99,1.0761266,1.0803274434343435,0.0010421732003014,-0.0003965999999999,2.0457525083623468e-06,0.0162703885757575,1.3978444444451288e-06,30.92149771366389,33.02000678787879,10.955934948979651,-4.178443451530505,-0.0110739129797385,-0.0251787789493372,1074.0,provided_near80_endpoint_proxy,,True,Batch1_CV_development
Batch 1,b1c6,6,,,4.8C(80%)-4.8C,636.0,635,1.0,635.0,0.8800565,0.88318712,,0,,9,99,4.8,4.8,99,1.0758358,1.0809117848484848,0.0011455753868437,-0.0018586,-1.8384228380318223e-05,0.0166757100612244,-0.0001730996,32.27384521945563,35.79263145454546,10.04485760942758,-3.768443388453706,-0.0159650562482748,-0.0378860393134797,636.0,provided_near80_endpoint_proxy,,True,Batch1_CV_development
Batch 1,b1c7,7,,,4.8C(80%)-4.8C,870.0,869,1.0,869.0,0.88110596,0.88331425,,0,,9,99,4.8,4.8,99,1.0938644,1.0969264323232324,0.0008118766261735,-0.0018245000000001,-1.2389668737060214e-05,0.0162139184081632,5.727797777777682e-05,31.99008450921703,35.32269474747474,10.044094528619514,-3.813051565552969,-0.0166457272456197,-0.0382333865070744,870.0,provided_near80_endpoint_proxy,,True,Batch1_CV_development
Batch 1,b1c8,8,,,5.4C(40%)-3.6C,879.0,878,1.0,878.0,0.96902454,0.97036517,,0,,9,99,5.4,3.6,99,1.0899748,1.0947719373737377,0.0008683891073329,-3.7999999999982496e-06,-7.819638477472863e-06,0.0167117057070707,8.585138888888427e-05,32.076506270161325,34.45206194949494,11.24361163299663,-4.000760096997117,-0.0128189672320227,-0.030807702259195,879.0,unresolved_or_missing,원저자 B1 비완주 5개 또는 별도 후속기록 필요 5개; 확정 교차 또는 80% 근처 종료 라벨로 확인되지 않음,False,excluded
Batch 1,b1c9,9,,,5.4C(40%)-3.6C,1054.0,1053,1.0,1053.0,0.8809284,0.88301873,,0,,9,99,5.4,3.6,99,1.0829742,1.0876998484848484,0.0009722545172618,0.0009996999999999,5.299069915599302e-06,0.0168353652323232,2.9711155555556257e-05,32.64153361126789,35.98493365656566,11.24185760942762,-4.058949165995528,-0.0115106005684801,-0.0287244756962299,1054.0,provided_near80_endpoint_proxy,,True,Batch1_CV_development
Batch 1,b1c10,10,,,5.4C(50%)-3C,906.0,905,1.0,905.0,0.96101874,0.96233863,,0,,9,99,5.4,3.0,99,1.0752757,1.0817046181818184,0.0015712243067409,0.0021002000000001,6.0261347348371834e-06,0.0165639684285714,0.0001547545555555,33.208150668462316,36.87145022222223,11.688040235690274,-4.022138634713042,-0.0106680078437342,-0.0269929319225264,906.0,unresolved_or_missing,원저자 B1 비완주 5개 또는 별도 후속기록 필요 5개; 확정 교차 또는 80% 근처 종료 라벨로 확인되지 않음,False,excluded
Batch 1,b1c11,11,,,5.4C(50%)-3C,788.0,787,1.0,787.0,0.88054359,0.88279974,,0,,9,99,5.4,3.0,99,1.0537786,1.060083885858586,0.0014270297313453,0.0018716,4.613694855870166e-06,0.0162007278265306,-0.0001680421666666,32.75932260623101,36.23175358585859,11.684114427609464,-4.146462018728171,-0.0083782051025299,-0.0236915130336226,788.0,provided_near80_endpoint_proxy,,True,Batch1_CV_development
Batch 1,b1c12,12,,,5.4C(50%)-3.6C,902.0,901,1.0,901.0,0.91311944,0.91504902,,0,,9,99,5.4,3.6,99,1.077566,1.082155223232323,0.0008632658957899,0.0007700999999999,6.052810957250435e-07,0.0164390562323232,5.6705566666669094e-05,33.4580219141428,37.448847525252525,10.68385405723906,-4.124756137214855,-0.0112379583337073,-0.0274388695876881,902.0,unresolved_or_missing,원저자 B1 비완주 5개 또는 별도 후속기록 필요 5개; 확정 교차 또는 80% 근처 종료 라벨로 확인되지 않음,False,excluded
Batch 1,b1c13,13,,,5.4C(50%)-3.6C,897.0,896,1.0,896.0,0.92313582,0.92505032,,0,,9,99,5.4,3.6,99,1.0797893,1.0842732373737374,0.0008219480541705,-4.8000000000048e-05,-7.604817646123064e-06,0.0170365509494949,6.528114444443942e-05,32.09216634315908,34.67959250505051,10.685353013468022,-4.047571945868677,-0.0131487343816584,-0.0291370752398165,897.0,unresolved_or_missing,원저자 B1 비완주 5개 또는 별도 후속기록 필요 5개; 확정 교차 또는 80% 근처 종료 라벨로 확인되지 않음,False,excluded
Batch 1,b1c14,14,,,5.4C(60%)-3C,880.0,879,1.0,879.0,0.8800649,0.88180178,,0,,9,99,5.4,3.0,99,1.0709661,1.0761029171717171,0.0012207901206989,0.0009995,1.630952062430929e-05,0.0169750018383838,1.6750899999997543e-05,33.07746279993842,36.63094507070707,10.79467411564626,-4.045635328216262,-0.0119462182234678,-0.0282939556930506,880.0,provided_near80_endpoint_proxy,,True,Batch1_CV_development
Batch 1,b1c15,15,,,5.4C(60%)-3C,719.0,718,1.0,718.0,0.88298881,0.88477296,,0,,9,99,5.4,3.0,99,1.0611236,1.0676568858585858,0.0013937072045889,0.0011475,1.673795190317282e-05,0.0168399864343434,-4.571530000000226e-05,33.147720104395674,37.05618863636363,10.795610034013558,-4.017514591393589,-0.0110130893131804,-0.028944554696785,719.0,provided_near80_endpoint_proxy,,True,Batch1_CV_development
Batch 1,b1c16,16,,,5.4C(60%)-3.6C,862.0,861,1.0,861.0,0.88096577,0.88322765,,0,,9,99,5.4,3.6,99,1.0811664,1.0864695565656566,0.0011971905773169,0.0005359,1.3498762541802934e-05,0.0166975241428571,9.26150444444454e-05,32.41716254671688,35.85141423232323,10.12547436026938,-4.098979163669727,-0.0124038061637924,-0.0276066748423711,862.0,provided_near80_endpoint_proxy,,True,Batch1_CV_development
Batch 1,b1c17,17,,,5.4C(60%)-3.6C,857.0,856,1.0,856.0,0.8832469,0.88526237,,0,,9,99,5.4,3.6,99,1.072052,1.0771062363636363,0.0010487809034904,0.0012254,5.362154801722931e-06,0.0166762275353535,0.0001061025888888,32.088753858534446,35.43276257575758,10.13811205387206,-3.9697249393883856,-0.0133431157573995,-0.0310679671089385,857.0,provided_near80_endpoint_proxy,,True,Batch1_CV_development
Batch 1,b1c18,18,,,5.4C(70%)-3C,691.0,690,1.0,690.0,0.88114411,0.88114411,,0,,9,99,5.4,3.0,98,1.0661705,1.068100106122449,0.0016963203781929,-0.0050238,-6.229287805528483e-05,0.0180047544141414,-0.0039732827,31.831057275618026,35.415118353535355,9.925956313131316,-3.649646033379823,-0.0207023868033387,-0.0441332154082728,691.0,provided_near80_endpoint_proxy,,True,Batch1_CV_development
Batch 1,b1c19,19,,,5.4C(70%)-3C,788.0,787,1.0,787.0,0.88093972,0.88285458,,0,,9,99,5.4,3.0,99,1.0851147,1.0883684717171715,0.000767913633354,-0.0015537000000001,-2.0336293995851352e-05,0.016324869080808,5.4664155555557425e-05,33.044085397077396,36.83902758585858,9.930255336700304,-3.6194723156628177,-0.0201062748217697,-0.0458926934265084,788.0,provided_near80_endpoint_proxy,,True,Batch1_CV_development
Batch 1,b1c20,20,,,5.4C(80%)-5.4C,534.0,533,1.0,533.0,0.88078493,0.8835839,,0,,9,99,5.4,5.4,99,1.07263,1.0698410858585858,0.0041632233952054,-0.0144763999999999,-0.0001494513553113,0.0152103660918367,-0.0003592388555555,32.15292201754506,34.92834715151515,9.027207626262616,-3.366802898471839,-0.0327959830071476,-0.0635804268966032,534.0,provided_near80_endpoint_proxy,,True,Batch1_CV_development
Batch 1,b1c21,21,,,5.4C(80%)-5.4C,559.0,558,1.0,558.0,0.88016534,0.88354057,,0,,9,99,5.4,5.4,99,1.0824388,1.082226497979798,0.00260055199657,-0.0090732,-9.035583054625644e-05,0.0150902362346938,-3.170046666666447e-05,33.13697371135653,36.94892544444444,8.987271380471347,-3.34990353982557,-0.0306575771127106,-0.0647202627657549,559.0,provided_near80_endpoint_proxy,,True,Batch1_holdout
Batch 1,b1c22,22,,,6C(30%)-3.6C,891.0,890,1.0,890.0,0.96327895,0.96527904,,0,,9,99,6.0,3.6,99,1.0793039,1.082979815151515,0.0007399790884792,-0.0009717,-1.7057273451189287e-05,0.0165919733030303,5.106291111111119e-05,32.84391283877385,36.64192422222223,11.46291215488218,-3.9517341613687624,-0.0147163713132086,-0.0321471440089913,891.0,unresolved_or_missing,원저자 B1 비완주 5개 또는 별도 후속기록 필요 5개; 확정 교차 또는 80% 근처 종료 라벨로 확인되지 않음,False,excluded
Batch 1,b1c23,23,,,6C(30%)-3.6C,1014.0,1013,1.0,1013.0,0.88066453,0.88271523,,0,,9,99,6.0,3.6,99,1.0792934,1.0824610575757576,0.0006380784589816,-0.0009636000000001,-1.5297888198762094e-05,0.0168240025858585,6.96940444444398e-05,31.99077454717494,34.8727843939394,11.458691784511789,-4.040359131553872,-0.0133406205123602,-0.0299535169317572,1014.0,provided_near80_endpoint_proxy,,True,Batch1_holdout
Batch 1,b1c24,24,,,6C(40%)-3C,1017.0,1016,1.0,1016.0,0.88046598,0.8824448,,0,,9,99,6.0,3.0,99,1.0745355,1.0780331868686868,0.0007135873445573,-7.259999999997824e-05,-7.558493390664127e-06,0.0165874488888888,8.767882222222162e-05,33.378063951824195,36.866496545454545,12.128487205387223,-3.938228011882517,-0.0138735070132826,-0.0318421340978982,1017.0,provided_near80_endpoint_proxy,,True,Batch1_CV_development
Batch 1,b1c25,25,,,6C(40%)-3C,854.0,853,1.0,853.0,0.88019997,0.88227195,,0,,9,99,6.0,3.0,99,1.0752345,1.078847887878788,0.0007274031868342,-0.0003018999999999,-1.0512616658699724e-05,0.0165961417979798,6.846172222222183e-05,33.848557073949294,37.990239878787875,12.13749808080808,-4.027454308766241,-0.0124061930528873,-0.0294411728905654,854.0,provided_near80_endpoint_proxy,,True,Batch1_CV_development
Batch 1,b1c26,26,,,6C(40%)-3.6C,870.0,869,1.0,869.0,0.88105017,0.88326401,,0,,9,99,6.0,3.6,99,1.0876514,1.090574287878788,0.0008620495304704,-0.0016640999999999,-2.466089186176011e-05,0.0162854918383838,9.338992222222148e-05,33.15641406115227,36.41381293939394,10.800664208754249,-3.7947854850113254,-0.0178501571256248,-0.0383544536324539,870.0,provided_near80_endpoint_proxy,,True,Batch1_holdout
Batch 1,b1c27,27,,,6C(40%)-3.6C,842.0,841,1.0,841.0,0.88130057,0.88386416,,0,,9,99,6.0,3.6,99,1.0790461,1.0820360393939392,0.0007507996835453,-0.0012666999999999,-2.038187609491857e-05,0.0160989066666666,0.0001154933888888,33.89497000372245,37.51131004040404,10.803712340067367,-3.8532686882819216,-0.0155141871466561,-0.0358321196463462,842.0,provided_near80_endpoint_proxy,,True,Batch1_CV_development
Batch 1,b1c28,28,,,6C(50%)-3C,860.0,859,1.0,859.0,0.88058227,0.88156462,,0,,9,99,6.0,3.0,99,1.0777475,1.0806956292929293,0.0005779063515502,-0.0012768,-1.5225352763173364e-05,0.0166800375454545,0.0001360631555555,33.773800525042,37.491157878787874,11.138253585858592,-3.844277295722182,-0.0166981227551627,-0.0372134803197419,860.0,provided_near80_endpoint_proxy,,True,Batch1_CV_development
Batch 1,b1c29,29,,,6C(50%)-3C,917.0,916,1.0,916.0,0.88035375,0.88220429,,0,,9,99,6.0,3.0,99,1.0794537,1.0827828212121215,0.0006423529248435,-0.0009824,-1.4454562828473085e-05,0.0165455236262626,0.0001174397666666,32.70415601771739,35.39940990909091,11.151875336700314,-3.837847193189059,-0.0166005234269311,-0.0368684498819182,917.0,provided_near80_endpoint_proxy,,True,Batch1_CV_development
Batch 1,b1c30,30,,,6C(50%)-3.6C,709.0,708,1.0,708.0,0.88054287,0.8831026,,0,,9,99,6.0,3.6,99,1.0798637,1.0828237171717172,0.0008220315839787,-0.0019533999999998,-2.5976043956036012e-05,0.0160094262525252,0.0001277054888888,33.54008830692456,36.797617333333335,10.124524292929316,-3.7442647061242904,-0.0177191221668012,-0.0408153850243965,709.0,provided_near80_endpoint_proxy,,True,Batch1_CV_development
Batch 1,b1c31,31,,,6C(50%)-3.6C,876.0,875,1.0,875.0,0.88099223,0.88354266,,0,,9,99,6.0,3.6,99,1.0946392,1.097068405050505,0.0009771503320311,-0.0027898000000001,-3.470540531931799e-05,0.0168655661414141,8.446951111111198e-05,30.375396745150564,30.709141161616163,10.126957558922545,-3.7772981123140257,-0.0179835888032468,-0.0394782064842472,876.0,provided_near80_endpoint_proxy,,True,Batch1_holdout
Batch 1,b1c32,32,,,6C(60%)-3C,731.0,730,1.0,730.0,0.88080907,0.8819775,,0,,9,99,6.0,3.0,99,1.0778366,1.0806714494949494,0.0007022500483293,-0.0016681999999998,-2.147387004299617e-05,0.0161670642525252,0.0001274636222222,33.08050304573434,36.23561784848484,10.129902676767715,-3.646028985296344,-0.0207302738370073,-0.0455662852625746,731.0,provided_near80_endpoint_proxy,,True,Batch1_CV_development
Batch 1,b1c33,33,,,6C(60%)-3C,757.0,756,1.0,756.0,0.88011229,0.88161159,,0,,9,99,6.0,3.0,99,1.0924908,1.0954916464646465,0.0009414408382805,-0.0024256999999998,-3.1796946966077e-05,0.0164837756565656,6.842016666667311e-05,33.67169761442224,37.731304424242424,10.129993047138068,-3.666623085812624,-0.021651569301358,-0.0449017812116827,757.0,provided_near80_endpoint_proxy,,True,Batch1_CV_development
Batch 1,b1c34,34,,,7C(30%)-3.6C,742.0,741,1.0,741.0,0.88205445,0.88537508,,0,,9,99,7.0,3.6,99,1.0766174,1.0800699888888887,0.0007236045983304,-0.0004094000000001,-1.039801560758028e-05,0.016855197080808,6.26890444444389e-05,32.66455167507311,36.08252629292929,11.035507962962974,-3.848181645234819,-0.0160803594303168,-0.0372181417488076,742.0,provided_near80_endpoint_proxy,,True,Batch1_CV_development
Batch 1,b1c35,35,,,7C(30%)-3.6C,703.0,702,1.0,702.0,0.8802399,0.88277978,,0,,9,99,7.0,3.6,99,1.0707464,1.0745076737373735,0.0006991563122844,-0.0001366999999998,-5.950627488450408e-06,0.0169670922929292,0.0001199453777777,32.09733437854189,34.87752171717172,11.036444074074083,-3.772171303822012,-0.018223341654084,-0.0391520343350484,703.0,provided_near80_endpoint_proxy,,True,Batch1_CV_development
Batch 1,b1c36,36,,,7C(40%)-3C,704.0,703,1.0,703.0,0.88231802,0.88461167,,0,,9,99,7.0,3.0,99,1.0778315,1.0812765595959597,0.0007068449749199,-0.0012978999999999,-1.628153049849124e-05,0.0164377462626262,0.0001612746111111,32.04688205693082,33.970878757575754,11.554803670033683,-3.6690668308219263,-0.0210423508580267,-0.0446214059612219,704.0,provided_near80_endpoint_proxy,,True,Batch1_holdout
Batch 1,b1c37,37,,,7C(40%)-3C,648.0,647,1.0,647.0,0.88336319,0.88594258,,0,,9,99,7.0,3.0,99,1.0748194,1.0780300424242424,0.0007567314535194,-0.0015134000000001,-1.9236196846627564e-05,0.016546422020202,0.0001317603666666,32.95969887229894,36.05156987878787,11.561455202020229,-3.673504381540903,-0.0194368246349165,-0.0445447849576301,648.0,provided_near80_endpoint_proxy,,True,Batch1_CV_development
Batch 1,b1c38,38,,,7C(40%)-3.6C,617.0,616,1.0,616.0,0.88110942,0.88268411,,0,,9,99,7.0,3.6,99,1.0729513,1.075801506060606,0.0006431169946846,-0.0010924999999999,-1.8634390826566925e-05,0.0162120569696969,0.0001740329666666,33.69474656343401,37.29856363636363,10.23158840067342,-3.432613661772658,-0.0267641938349674,-0.0564155969469958,617.0,provided_near80_endpoint_proxy,,True,Batch1_CV_development
Batch 1,b1c39,39,,,7C(40%)-3.6C,625.0,624,1.0,624.0,0.88011074,0.88267356,,0,,9,99,7.0,3.6,99,1.0817773,1.085658998989899,0.0006938715161383,-0.000842,-1.355503105589223e-05,0.0166911045555555,0.0001747467666666,33.50643317156701,37.40386024242424,10.242025976430943,-3.5040992086790537,-0.024440041487006,-0.0531439540918114,625.0,provided_near80_endpoint_proxy,,True,Batch1_CV_development
Batch 1,b1c40,40,,,8C(15%)-3.6C,966.0,965,1.0,965.0,0.88060951,0.88241506,,0,,9,99,8.0,3.6,99,1.0833029,1.0869299777777777,0.0007267175322141,-0.0014332999999999,-1.8422352285391665e-05,0.0166792732121212,0.0001351716555555,33.45968416375564,37.756139949494944,12.087224326599337,-4.054778193380718,-0.0126288078477035,-0.0290957088162858,966.0,provided_near80_endpoint_proxy,,True,Batch1_holdout
Batch 1,b1c41,41,,,8C(15%)-3.6C,1051.0,1050,1.0,1050.0,0.88106161,0.88390982,,0,,9,99,8.0,3.6,99,1.0789614,1.082886786868687,0.000658056180348,-0.0005790000000001,-9.669214843125774e-06,0.0167448905050505,8.532017777777845e-05,33.07332253245542,36.8232453030303,12.091290892255918,-4.071079457405483,-0.0123585685628461,-0.028506291359022,1051.0,provided_near80_endpoint_proxy,,True,Batch1_holdout
Batch 1,b1c42,42,,,8C(25%)-3.6C,702.0,701,1.0,701.0,0.88035142,0.88216305,,0,,9,99,8.0,3.6,99,1.0798725,1.083889183838384,0.0006363125662447,-0.0004695000000001,-7.099162286985007e-06,0.0167156228383838,0.0001920482888888,33.58506724391689,37.673212,11.178124326599384,-3.665421273494984,-0.0205992102528132,-0.0447096457287301,702.0,provided_near80_endpoint_proxy,,True,Batch1_CV_development
Batch 1,b1c43,43,,,8C(25%)-3.6C,651.0,650,1.0,650.0,0.88044435,0.88287592,,0,,9,99,8.0,3.6,99,1.0682389,1.070522194949495,0.0008872446451106,-0.0025984999999999,-3.225106864150365e-05,0.0161048555656565,0.0001924426777777,33.339782658681436,36.82060524242424,11.17782324915825,-3.667344559860796,-0.0191656267784761,-0.0446058901526373,651.0,provided_near80_endpoint_proxy,,True,Batch1_CV_development
Batch 1,b1c44,44,,,8C(35%)-3.6C,616.0,615,1.0,615.0,0.88048309,0.88282144,,0,,9,99,8.0,3.6,99,1.0847682,1.0868420717171718,0.0011267242338745,-0.0035061,-4.222089504697998e-05,0.0174138499696969,0.0002094317555555,32.55333216968653,35.79095866666667,10.258049427609434,-3.4202654930324226,-0.029329092901317,-0.0587970716540376,616.0,provided_near80_endpoint_proxy,,True,Batch1_CV_development
Batch 1,b1c45,45,,,8C(35%)-3.6C,599.0,598,1.0,598.0,0.88104212,0.88317311,,0,,9,99,8.0,3.6,99,1.0839558,1.0871594505050506,0.0007653308991057,-0.0016899999999999,-2.2526972447838814e-05,0.0166742515858585,0.0002283281555555,33.0005473910965,36.69642807070708,10.257274326599305,-3.4248577239248355,-0.0288660905211357,-0.0594035099161143,599.0,provided_near80_endpoint_proxy,,True,Batch1_holdout
Batch 2,b2c0,0,,,5.2C(58%)-4C,477.0,496,1.0,496.0,0.82661337,0.83334714,477.0,20,,9,99,5.2,4.0,99,1.1020051,1.105088570707071,0.0030948231961788,0.0015544999999999,1.0050197483675751e-05,0.0173358084949494,7.471908888889017e-05,31.808470926230022,35.36620380400637,10.17325806397317,-3.486830284527127,-0.025801000173386,-0.055061277717081,477.0,observed_80pct_crossing,,True,Batch2_final_test
Batch 2,b2c1,1,,,5.6C(26%)-4.5C,491.0,513,1.0,513.0,0.82848173,0.83282876,491.0,23,,9,99,5.6,4.5,99,1.1057826,1.1049235595959594,0.0034186652963796,-0.0067692000000001,-3.1866625258790506e-05,0.0175523199191919,-0.0004805439555555,33.60099815475848,36.4516347052168,10.198514225589118,-3.297616853702019,-0.0355950076396831,-0.0661147205894651,491.0,observed_80pct_crossing,,True,Batch2_final_test
Batch 2,b2c2,2,,,5.2C(50%)-4.25C,424.0,439,1.0,439.0,0.82700932,0.83253539,424.0,16,,9,99,5.2,4.25,99,1.0753863,1.074663046666667,0.011236718471533,-0.0057598,-6.105121197639826e-06,0.016461098040404,-5.3404633333337115e-05,33.17566129490617,37.429077970616994,10.17503702020208,-3.4598138533388,-0.025013386420214,-0.0527178185440413,424.0,observed_80pct_crossing,,True,Batch2_final_test
Batch 2,b2c3,3,,,4.65C(44%)-5C,499.0,517,1.0,517.0,0.82550967,0.83514154,499.0,19,,9,99,4.65,5.0,99,1.0959566,1.1014852565656563,0.0030289082712069,0.0019006000000001,7.46289679885362e-05,0.0159151695353535,0.0001178142,33.93805810095692,38.772733971659186,10.173178956229002,-3.495808485200675,-0.0200898829186987,-0.0558684526115137,499.0,observed_80pct_crossing,,True,Batch2_final_test
Batch 2,b2c4,4,,,4.65C(69%)-6C,444.0,464,1.0,464.0,0.82712674,0.8305884,444.0,21,,9,99,4.65,6.0,99,1.0899745,1.0859254535353535,0.0032142168158441,-0.009355,-6.578035355948732e-05,0.0161863178888888,-0.0005694166777777,33.04820861652687,37.435182660123296,10.231960420875373,-3.232072300452541,-0.034781796484889,-0.0702972069008408,444.0,observed_80pct_crossing,,True,Batch2_final_test
Batch 2,b2c5,5,,,3.6C(30%)-6C,416.0,445,1.0,445.0,0.8261537,0.8263551,416.0,30,,9,99,3.6,6.0,99,1.0989141,1.0879375151515152,0.0129038270072096,-0.0227051999999998,-0.0001860224382863,0.0152975889292929,-0.0004654875777777,33.01307013030371,37.65087846482749,10.198699713804723,-3.0854472125051675,-0.0464854046004899,-0.0861500284792774,416.0,observed_80pct_crossing,,True,Batch2_final_test
Batch 2,b2c6,6,,,3.6C(9%)-5C,393.0,409,1.0,409.0,0.82940364,0.83794844,393.0,17,,9,99,3.6,5.0,99,1.0885617,1.092975573737374,0.0028962630786453,0.0002542,5.756180124223628e-05,0.0160374687272727,-0.0001931685777777,33.81904518975318,39.79713499833347,10.17931370370378,-3.529605174727932,-0.020824792460517,-0.0498724789374046,393.0,observed_80pct_crossing,,True,Batch2_final_test
Batch 2,b2c7,7,,,4.8C(80%)-4.8C-newstructure,777.0,806,1.0,806.0,0.8264814,0.83149916,777.0,30,,9,99,4.8,4.8,99,1.0904776,1.0930350373737374,0.002457325526574,0.0069276999999998,5.744192705845211e-05,0.0147906225757575,-6.2085111111106345e-06,33.769687089746824,37.14950685044426,10.035777525252517,-4.231235578131388,-0.0088230998347084,-0.0217379799240435,777.0,observed_80pct_crossing,,True,Batch2_final_test
Batch 2,b2c8,8,,,5.2C(58%)-4C-newstructure,904.0,947,1.0,947.0,0.8255862,0.82913011,904.0,44,,9,99,5.2,4.0,99,1.0906329,1.0901590962626262,0.0121572790112445,-0.0007699999999999,-5.30790716674609e-05,0.016466365090909,5.57987777777616e-06,33.59868374090274,35.674109782051225,10.03986983164983,-4.101987968526722,-0.0112034155800459,-0.0278411109453321,904.0,observed_80pct_crossing,,True,Batch2_final_test
Batch 2,b2c9,9,,,5.6C(26%)-4.5C-newstructure,791.0,819,1.0,819.0,0.82610458,0.83250105,791.0,29,,9,99,5.6,4.5,99,1.0949715,1.0975024424242423,0.0018690410515939,-0.0010336999999998,-3.945754419493187e-05,0.0153962351212121,-1.9121155555554964e-05,32.3508526526095,33.58605048865401,10.039928501683493,-4.343991170888546,-0.007446960333569,-0.0197541523253084,791.0,observed_80pct_crossing,,True,Batch2_final_test
Batch 2,b2c10,10,,,4.8C(80%)-4.8C,492.0,519,1.0,519.0,0.82791102,0.83042371,492.0,28,,9,99,4.8,4.8,99,1.1092782,1.1111783965656563,0.0116006837603488,0.0063651999999998,6.384393725116053e-05,0.0170579189090909,-9.523994444444324e-05,31.720791269063756,34.35574737651136,10.169499612794551,-3.450465601523543,-0.0295202962995694,-0.0558024498619833,492.0,observed_80pct_crossing,,True,Batch2_final_test
Batch 2,b2c11,11,,,5.2C(50%)-4.25C,449.0,468,1.0,468.0,0.82524824,0.83201712,449.0,20,,9,99,5.2,4.25,99,1.0959171,1.1010659737373738,0.0142958775980102,0.0104718999999999,0.0001264397738493,0.0172189415555555,0.0003583015555555,33.146477466034135,37.95576609273272,10.173883215488235,-3.484958709205863,-0.0240126334676137,-0.0548987559471969,449.0,observed_80pct_crossing,,True,Batch2_final_test
Batch 2,b2c12,12,,,4.65C(44%)-5C,466.0,493,1.0,493.0,0.82528538,0.82764262,466.0,28,,9,99,4.65,5.0,99,1.1016457,1.104144308080808,0.0020938036163821,0.0038705999999999,3.275929447364646e-05,0.0165229203434343,-0.0004403771666666,31.314676947956993,33.5953920153671,10.1748585521886,-3.167533856376959,-0.0393975922721543,-0.0773312434486568,466.0,observed_80pct_crossing,,True,Batch2_final_test
Batch 2,b2c13,13,,,4.65C(69%)-6C,460.0,483,1.0,483.0,0.82574999,0.83100778,460.0,24,,9,99,4.65,6.0,99,1.0954365,1.0949361080808082,0.0014581361358397,-0.0016714999999998,-8.52741041567002e-06,0.0160671782222222,-0.0006049385555555,31.946988973926523,35.0716189725971,10.214119579124512,-3.344013210109811,-0.0340700221226121,-0.0646744884060953,460.0,observed_80pct_crossing,,True,Batch2_final_test
Batch 2,b2c14,14,,,3.6C(30%)-6C,426.0,461,1.0,461.0,0.82618046,0.82829893,426.0,36,,9,99,3.6,6.0,99,1.0844886,1.0792566424242422,0.0035181686436941,-0.0072919,-0.0001001943749004,0.0162595228282828,-0.0005302999666666,32.123877001585356,35.20046863818076,10.23842933673479,-3.1180854544748184,-0.0445557645103633,-0.0837144352028476,426.0,observed_80pct_crossing,,True,Batch2_final_test
Batch 2,b2c15,15,,,3.6C(9%)-5C,396.0,414,1.0,414.0,0.82608759,0.83122098,396.0,19,,9,99,3.6,5.0,99,1.0697494,1.07504353030303,0.003026147981569,0.0058939,8.864344640866963e-05,0.0163038229292929,-0.0006069465555555,32.862747677246595,36.07268366663823,10.173053501683547,-3.5158174150026964,-0.0241352883526542,-0.0509346763941556,396.0,observed_80pct_crossing,,True,Batch2_final_test
Batch 2,b2c16,16,,,4.8C(80%)-4.8C,472.0,499,1.0,499.0,0.82648873,0.83053106,472.0,28,,9,99,4.8,4.8,99,1.0945363,1.0970297515151517,0.0019838325818477,-0.0024861,-2.2458525242871455e-05,0.0174905291515151,-0.0001330099666666,32.7673986704417,36.992036254667184,10.171620942760958,-3.4944464801006045,-0.0262446524109426,-0.0532543676756424,472.0,observed_80pct_crossing,,True,Batch2_final_test
Batch 2,b2c17,17,,,5.6C(26%)-4.5C,471.0,494,1.0,494.0,0.8272146,0.83037257,471.0,24,,9,99,5.6,4.5,99,1.0917177,1.093923566666667,0.0022259183316083,0.0018574999999998,3.920608058608689e-05,0.0170886563232323,-0.0002365889555555,32.988612809790894,34.74907966738554,10.181222777777869,-3.4999096167000205,-0.0243463403874459,-0.0525623965755335,471.0,observed_80pct_crossing,,True,Batch2_final_test
Batch 2,b2c18,18,,,5.2C(50%)-4.25C,449.0,467,1.0,467.0,0.82719898,0.8332963,449.0,19,,9,99,5.2,4.25,99,1.0756292,1.0825073353535355,0.0035243938815899,0.0071778,0.000109815863991,0.0166467427272727,0.0001115253555555,32.88627829858526,36.40182568496011,10.174147626262664,-3.70686822440228,-0.0166408911109324,-0.0397456691043013,449.0,observed_80pct_crossing,,True,Batch2_final_test
Batch 2,b2c19,19,,,6C(60%)-3C,392.0,411,1.0,411.0,0.82597393,0.83240563,392.0,20,,9,99,6.0,3.0,99,1.0902406,1.094755986868687,0.0028391098701311,0.0006085999999998,1.2324980092367542e-05,0.0167182581515151,0.0002368244222222,32.770067410122046,36.54883267067881,10.173763619528666,-3.2915234927686763,-0.0343082077979218,-0.0656517508735375,392.0,observed_80pct_crossing,,True,Batch2_final_test
Batch 2,b2c20,20,,,5.2C(58%)-4C,489.0,506,1.0,506.0,0.82856864,0.83594912,489.0,18,,9,99,5.2,4.0,99,1.0977259,1.1000841181818182,0.0021101792992594,0.0038581999999998,2.7545793916224383e-05,0.0166108588888888,0.0002697577777777,33.61911118506716,36.88625705741767,10.172928639455789,-3.440870919636383,-0.0244351394515884,-0.0605040880380607,489.0,observed_80pct_crossing,,True,Batch2_final_test
Batch 2,b2c21,21,,,6C(60%)-3C,408.0,426,1.0,426.0,0.82783753,0.83233672,408.0,19,,9,99,6.0,3.0,99,1.0985936,1.1011154092929292,0.0110483131242727,-0.0023162999999999,3.9052729096991255e-05,0.0172002761717171,0.0002133798555555,33.60118814118363,38.66076634232272,10.174732340067363,-3.326244563425288,-0.0332885526110049,-0.064467582043982,408.0,observed_80pct_crossing,,True,Batch2_final_test
Batch 2,b2c22,22,,,VarCharge-2C-100cycles,,920,1.0,920.0,1.0556005,1.0556053,,0,,9,99,2.0,,98,1.0913191,1.0913044707142858,0.010596596537163,-0.0093752,-7.30563340788864e-06,0.021770682,-3.469446951953614e-18,34.50224371401082,38.12900722940261,24.214001377550943,-4.640734188833994,-0.0026188163032225,-0.0067791693229939,,unresolved_or_missing,확정 교차 또는 80% 근처 종료 라벨로 확인되지 않음; 수명 라벨 결측,False,excluded
Batch 2,b2c23,23,,,VarCharge-4C-100cycles,,1152,1.0,1152.0,0.97824305,0.97824305,,0,,9,99,4.0,,98,1.0904602,1.0854498825510204,0.0163278334951164,-0.0165813000000001,-0.000117354839216,0.0211608889999999,-3.469446951953614e-18,34.147927604894626,35.52762158388801,12.213424642857158,-4.355819765383145,-0.011590160361131,-0.0192175664913609,,unresolved_or_missing,확정 교차 또는 80% 근처 종료 라벨로 확인되지 않음; 수명 라벨 결측,False,excluded
Batch 2,b2c24,24,,,4.8C(80%)-4.8C,514.0,536,1.0,536.0,0.82615805,0.83160603,514.0,22,,9,99,4.8,4.8,99,1.0923017,1.0963041979797978,0.0024115413746005,0.0062865999999999,4.004748686096753e-05,0.0165153767171717,-4.076283333333264e-05,33.206377241160645,38.17140352057085,10.16999885521886,-3.640450756301035,-0.0227714797747635,-0.0457299743253289,514.0,observed_80pct_crossing,,True,Batch2_final_test
Batch 2,b2c25,25,,,5.2C(58%)-4C,493.0,511,1.0,511.0,0.82751423,0.83591986,493.0,19,,9,99,5.2,4.0,99,1.098838,1.1022470464646466,0.00243287971456,0.0053560999999999,3.655321070234296e-05,0.0167404158888888,0.0001409753333333,32.23848796399698,34.442510549892894,10.172931649831629,-3.5340434182477156,-0.0236109824444173,-0.0505084648903096,493.0,observed_80pct_crossing,,True,Batch2_final_test
Batch 2,b2c26,26,,,5.6C(26%)-4.5C,450.0,476,1.0,476.0,0.82529837,0.82702196,450.0,27,,9,99,5.6,4.5,99,1.1043522,1.10416721010101,0.0021525132430989,4.099999999995774e-05,-8.591318681323915e-06,0.0177005725757575,-0.0005027522333333,33.75843376995604,36.91322322353181,10.19580411564622,-3.2216190960192628,-0.0380385416540002,-0.0733087791289827,450.0,observed_80pct_crossing,,True,Batch2_final_test
Batch 2,b2c27,27,,,5.2C(50%)-4.25C,474.0,493,1.0,493.0,0.8266983,0.83162057,474.0,20,,9,99,5.2,4.25,99,1.0925682,1.0985360303030305,0.0027103299677775,0.0069487999999999,8.367819397993538e-05,0.0175886912222222,0.0002059151333333,33.30411096115286,38.09066395642736,10.17464639730628,-3.485769121123792,-0.0246839278022425,-0.0544912575606593,474.0,observed_80pct_crossing,,True,Batch2_final_test
Batch 2,b2c28,28,,,4.8C(80%)-4.8C,437.0,456,1.0,456.0,0.82741743,0.8343333,437.0,20,,9,99,4.8,4.8,99,1.0904486,1.095054122222222,0.0024670783141179,0.0059302000000001,5.108195572543323e-05,0.0162747393030303,-0.0003362604333333,32.143914131113334,35.334859521378185,10.173453112244816,-3.4229766573491887,-0.0279893325926623,-0.0564913867827732,437.0,observed_80pct_crossing,,True,Batch2_final_test
Batch 2,b2c29,29,,,5.2C(58%)-4C,452.0,470,1.0,470.0,0.82541627,0.82874656,452.0,19,,9,99,5.2,4.0,99,1.1032062,1.1100257606060604,0.0036928484132982,0.0102275,0.0001140129574773,0.0167322515151515,0.0001863253888888,31.797490897448796,34.43823202248059,10.173048585858565,-3.5078136673204168,-0.0253222323765719,-0.0526335295361444,452.0,observed_80pct_crossing,,True,Batch2_final_test
Batch 2,b2c30,30,,,5.6C(26%)-4.5C,412.0,429,1.0,429.0,0.82665932,0.83367395,412.0,17,,9,99,5.6,4.5,99,1.0946374,1.0929829222222225,0.0034540703758499,-0.0059188999999999,-8.940455964325517e-05,0.0168832493333333,-0.0007523370555555,33.81182141567536,37.34308786098118,10.20111530612244,-3.1849750475008567,-0.0396558894899704,-0.0755230365113099,412.0,observed_80pct_crossing,,True,Batch2_final_test
Batch 2,b2c31,31,,,5.6C(26%)-4.5C,425.0,446,1.0,446.0,0.82528561,0.82979596,425.0,22,,9,99,5.6,4.5,99,1.0990092,1.0998533494949494,0.0017769685254611,0.0020728,4.7088318203547896e-05,0.0163258058282828,-0.0003156403111111,33.3758501254003,35.656391701768925,10.194512441077386,-3.351924319713292,-0.0306244567640429,-0.0642288335820835,425.0,observed_80pct_crossing,,True,Batch2_final_test
Batch 2,b2c32,32,,,4.8C(80%)-4.8C-newstructure,809.0,834,1.0,834.0,0.82744044,0.83060628,809.0,26,,9,99,4.8,4.8,99,1.0881557,1.0900473909090909,0.0030360232775185,-0.0038062999999999,-7.674978818282664e-05,0.0148111714242424,-7.028289999999951e-05,32.16894887045923,33.94637920302099,10.04099134353748,-4.131031643392329,-0.0133899398336471,-0.0274612065130356,809.0,observed_80pct_crossing,,True,Batch2_final_test
Batch 2,b2c33,33,,,5.2C(58%)-4C-newstructure,1140.0,1190,1.0,1190.0,0.82506907,0.82761937,1140.0,51,,9,99,5.2,4.0,99,1.0732747,1.0705903191919193,0.0149519688647367,-0.0057663999999999,-0.0001396110686415,0.0149909874444444,-3.0117444444442695e-05,32.74157143407892,34.30263809635044,10.03956353535346,-4.2311938075637325,-0.0115795410077861,-0.0240847421362162,1140.0,observed_80pct_crossing,,True,Batch2_final_test
Batch 2,b2c34,34,,,5.6C(26%)-4.5C-newstructure,1186.0,1252,1.0,1252.0,0.82562441,0.82763171,1186.0,67,,9,99,5.6,4.5,99,1.0671737,1.0671324676767675,0.0020874714388575,-0.0043455999999999,-6.514612836439189e-05,0.0149528839393939,-1.60371888888889e-05,35.66789148456313,38.96110461672359,10.0404342346939,-4.448150661550735,-0.008120054579074,-0.0191429496439993,1186.0,observed_80pct_crossing,,True,Batch2_final_test
Batch 2,b2c35,35,,,VarCharge-6C-100cycles,,423,1.0,423.0,0.88112044,0.88346595,,0,,9,99,6.0,,98,1.0689886,1.0461600108163265,0.0199030430409666,-0.0359441999999998,-0.0004191747534687,0.0206665209999999,0.0,36.507257940976096,38.37857902090733,8.094846428571415,-3.2184744490870476,-0.0448212443045177,-0.0757084076580606,,unresolved_or_missing,확정 교차 또는 80% 근처 종료 라벨로 확인되지 않음; 수명 라벨 결측,False,excluded
Batch 2,b2c36,36,,,VarCharge-8C-100cycles,,280,1.0,280.0,0.88107425,0.8833425,,0,,9,99,8.0,,98,1.0722352,1.0332139762244896,0.0249929585732019,-0.0628937999999998,-0.000766465378829,0.02033557,0.0,38.56623803155033,41.3959147615797,6.762870340136079,-2.68448329757314,-0.0844287653143593,-0.1360257368450053,,unresolved_or_missing,확정 교차 또는 80% 근처 종료 라벨로 확인되지 않음; 수명 라벨 결측,False,excluded
Batch 2,b2c37,37,,,3.6C(80%)-3.6C(SLOWCYCLE,,101,1.0,101.0,2.1693008,1.0848744,,0,,9,99,3.6,3.6,98,1.0834186,1.084200792755102,0.0087036023326029,,4.146124624436755e-06,0.0172419236262626,0.0010812849666666,32.93003403034187,38.01191656898937,13.50426811224504,-4.770176374855136,-0.0029820466170849,-0.0286817433780755,,unresolved_or_missing,확정 교차 또는 80% 근처 종료 라벨로 확인되지 않음; 수명 라벨 결측,False,excluded
Batch 2,b2c38,38,,,4.8C(80%)-4.8C(SLOWCYCLE,,101,1.0,101.0,2.1653843,1.0821536,,0,,9,99,4.8,4.8,98,1.0843664,1.0841066612244898,0.0022952325201063,,-6.0550901757420906e-05,0.0165849931818181,0.0007601690999999,36.41258964127956,,10.168094234693925,-4.214915742585958,-0.0131482097119456,-0.036149525403572,,unresolved_or_missing,확정 교차 또는 80% 근처 종료 라벨로 확인되지 않음; 수명 라벨 결측,False,excluded
Batch 2,b2c39,39,,,3.6C(9%)-5C(SLOWCYCLE,,434,1.0,434.0,0.88120419,0.88493532,,0,,9,99,3.6,5.0,98,1.072063,1.0712681928571428,0.0024947708279785,,-7.877142527883738e-05,0.0168082214343434,0.0004810979111111,32.886249589388996,37.62435433742629,10.173386530612175,-3.362148981503471,-0.0345530196501599,-0.0609517978351833,,unresolved_or_missing,확정 교차 또는 80% 근처 종료 라벨로 확인되지 않음; 수명 라벨 결측,False,excluded
Batch 2,b2c40,40,,,5.2C(58%)-4C(SLOWCYCLE,,459,1.0,459.0,0.88021344,0.88395143,,0,,9,99,5.2,4.0,98,1.0839667,1.0855828591836734,0.0014542544382573,,-2.4266833765481503e-05,,,32.46931392128253,36.705870270590154,10.173126718213087,-3.5991327645155344,-0.0254758308282517,-0.0481632102205803,,unresolved_or_missing,확정 교차 또는 80% 근처 종료 라벨로 확인되지 않음; 수명 라벨 결측,False,excluded
Batch 2,b2c41,41,,,5.6C(26%)-4.5C,442.0,463,1.0,463.0,0.82606894,0.83210248,442.0,22,,9,99,5.6,4.5,99,1.1049188,1.1059561515151517,0.0017640601604736,0.0031053999999999,2.763353240961766e-05,,,30.193787010451164,32.72284623520075,10.189121445578202,-3.17193129840298,-0.0377682914957012,-0.0809310492448376,442.0,observed_80pct_crossing,,True,Batch2_final_test
Batch 2,b2c42,42,,,5.2C(50%)-4.25C,474.0,497,1.0,497.0,0.82577723,0.83053553,474.0,24,,9,99,5.2,4.25,99,1.1024443,1.107131119191919,0.0034141713861603,0.0084904000000001,8.673744545309738e-05,,,31.709620029469267,35.574378964676875,10.175111565656564,-3.4821531362335185,-0.0293407149263684,-0.0541676249706457,474.0,observed_80pct_crossing,,True,Batch2_final_test
Batch 2,b2c43,43,,,4.8C(80%)-4.8C-newstructure,1029.0,1061,1.0,1061.0,0.82532436,0.83006835,1029.0,33,,9,99,4.8,4.8,99,1.0974334,1.0986638707070708,0.0032121409148445,-0.0031058000000001,-8.207105590061978e-05,,,33.92914533704784,36.97438163334141,10.036751245791278,-4.27134741684955,-0.0077783483513934,-0.0191648421122405,1029.0,observed_80pct_crossing,,True,Batch2_final_test
Batch 2,b2c44,44,,,5.2C(58%)-4C-newstructure,841.0,874,1.0,874.0,0.82503617,0.828767,841.0,34,,9,99,5.2,4.0,99,1.09659,1.0976287414141412,0.0012840951424055,-0.0010189,-2.9368394648826308e-05,,,33.95995836968299,36.8790253111546,10.040506156462564,-4.3640889685513224,-0.0087505726171709,-0.0203022776205166,841.0,observed_80pct_crossing,,True,Batch2_final_test
Batch 2,b2c45,45,,,5.6C(26%)-4.5C-newstructure,997.0,1027,1.0,1027.0,0.82734823,0.83153808,997.0,31,,9,99,5.6,4.5,99,1.1030351,1.1012188434343433,0.0083132734731285,-0.0035545999999999,-8.36388612836361e-05,,,35.271412144027664,37.86687606904902,10.04019055555552,-4.174780437396987,-0.0111576662855855,-0.0266704187870865,997.0,observed_80pct_crossing,,True,Batch2_final_test
Batch 2,b2c46,46,,,4.8C(80%)-4.8C,503.0,523,1.0,523.0,0.82638663,0.83298075,503.0,21,,9,99,4.8,4.8,99,1.100943,1.102562018181818,0.0023050509526726,-0.0018171,1.981349259437136e-05,,,29.88150861827619,31.01220065415558,10.169808435374172,-3.5084406210446826,-0.0228342986319132,-0.0528624050082824,503.0,observed_80pct_crossing,,True,Batch2_final_test
Batch 3,b3c0,0,,,5C(67%)-4C-newstructure,1009.0,1008,1.0,1008.0,0.8804329,0.88247329,,0,,9,99,5.0,4.0,99,1.0674551,1.0703864353535353,0.0006491548821917,-0.0009647000000001,-1.5158867654082956e-05,0.0152358522828282,-5.13054666666686e-05,32.194853230782606,33.560153344027476,10.042610084175084,-4.244680358543627,-0.0101021773936911,-0.0233116574274743,1009.0,provided_near80_endpoint_proxy,,True,Batch3_EDA_only
Batch 3,b3c1,1,,,5.3C(54%)-4C-newstructure,1063.0,1062,1.0,1062.0,0.8802734,0.88175124,,0,,9,99,5.3,4.0,99,1.0650603,1.0677216717171716,0.0007022590898671,-0.0017842999999999,-2.3035981844234756e-05,0.014984559090909,-2.8171133333336137e-05,34.83231929224147,37.98835277556221,10.041381363636305,-4.285108198625103,-0.0096210189293608,-0.0223241775540682,1063.0,provided_near80_endpoint_proxy,,True,Batch3_EDA_only
Batch 3,b3c2,2,,,5.6C(19%)-4.6C-newstructure,1267.0,1266,1.0,1266.0,0.88013124,0.88083059,,0,,9,99,5.6,4.6,99,1.060818,1.0620735151515153,0.0007394775267705,-0.0021739999999998,-2.7150113075325063e-05,0.0146185666161616,-0.0001972709444444,36.79033178065713,40.5242590441136,10.043663265993228,-4.778946078146963,-0.0026131423354832,-0.0086480383416137,1267.0,unresolved_or_missing,원저자 B3 수집 오류·비완주·잡음 6개 제외 목록; 확정 교차 또는 80% 근처 종료 라벨로 확인되지 않음,False,excluded
Batch 3,b3c3,3,,,5.6C(36%)-4.3C-newstructure,1115.0,1114,1.0,1114.0,0.88058406,0.88176334,,0,,9,99,5.6,4.3,99,1.0628892,1.0646530202020204,0.000606955562246,-0.0015107999999999,-1.969855709507913e-05,0.0149999637676767,5.792916666666481e-05,36.08374244976545,39.4408972847914,10.041502946127975,-4.116173258607179,-0.0107054143527131,-0.0268366147351127,1115.0,provided_near80_endpoint_proxy,,True,Batch3_EDA_only
Batch 3,b3c4,4,,,5.6C(19%)-4.6C-newstructure,1048.0,1047,1.0,1047.0,0.88001466,0.88112104,,0,,9,99,5.6,4.6,99,1.0724765,1.0745377696969698,0.0004858984570842,-0.0006804999999998,-1.1781070234118691e-05,0.0151291039090909,-2.0938722222222855e-05,32.11715379681872,32.98110366119803,10.045573973063998,-4.178031161375803,-0.0101064388689067,-0.024810275761238,1048.0,provided_near80_endpoint_proxy,,True,Batch3_EDA_only
Batch 3,b3c5,5,,,5.6C(36%)-4.3C-newstructure,828.0,827,1.0,827.0,0.88066918,0.8826533,,0,,9,99,5.6,4.3,99,1.0514506,1.0531571414141414,0.0006440970563368,-0.0018407,-2.237926580665397e-05,0.015182618050505,-0.0001049784222222,35.56013985266867,39.69079276471186,10.042010656565727,-4.113989462952569,-0.0114457654376924,-0.0254450982463654,828.0,provided_near80_endpoint_proxy,,True,Batch3_EDA_only
Batch 3,b3c6,6,,,3.7C(31%)-5.9C-newstructure,667.0,666,1.0,666.0,0.88052577,0.88151622,,0,,9,99,3.7,5.9,99,1.0626124,1.053759712121212,0.0057874732494051,-0.0186739,-0.0002030154196528,0.0137306609393939,0.0002726796111111,34.1072055276095,36.98765147763979,10.080923367003404,-3.525273681171474,-0.0285175611004537,-0.0532016465912453,667.0,provided_near80_endpoint_proxy,,True,Batch3_EDA_only
Batch 3,b3c7,7,,,4.8C(80%)-4.8C-newstructure,1836.0,1835,1.0,1835.0,0.88036358,0.88102299,,0,,9,99,4.8,4.8,99,1.0675218,1.0701774252525251,0.000629294414459,-0.0018107999999998,-1.0694795349574862e-05,0.0154282655151515,8.85824444444086e-06,32.79694473003086,34.27477909930834,11.040740218855252,-4.48830767619389,-0.0070377790148798,-0.0170590218350703,1836.0,provided_near80_endpoint_proxy,,True,Batch3_EDA_only
Batch 3,b3c8,8,,,5C(67%)-4C-newstructure,828.0,827,1.0,827.0,0.88094097,0.88365865,,0,,9,99,5.0,4.0,99,1.0647362,1.068006090909091,0.0006686664512659,-0.0009093,-1.3573261665868152e-05,0.0152533193535353,-7.970926666666517e-05,33.05552416009523,35.07929651965403,10.043270673400722,-4.091369245668356,-0.011806368426415,-0.0268489706128323,828.0,provided_near80_endpoint_proxy,,True,Batch3_EDA_only
Batch 3,b3c9,9,,,5.3C(54%)-4C-newstructure,1039.0,1038,1.0,1038.0,0.8801114,0.88188958,,0,,9,99,5.3,4.0,99,1.0694826,1.0728593262626265,0.0005907038095555,-0.0003318000000001,-8.854330307374407e-06,0.0157985837979798,2.7078977777778707e-05,33.08832983925303,35.09617884754773,10.04115065656567,-3.98186244123407,-0.014478011810756,-0.0295752747869662,1039.0,provided_near80_endpoint_proxy,,True,Batch3_EDA_only
Batch 3,b3c10,10,,,4.8C(80%)-4.8C-newstructure,1078.0,1077,1.0,1077.0,0.88064086,0.88169599,,0,,9,99,4.8,4.8,99,1.0617746,1.06437858989899,0.0006046051212363,-0.001916,-1.0829767478889911e-05,0.0153730747171717,-4.500705555555637e-05,32.5348014795901,34.79216549532189,11.039443922558933,-4.410921412252559,-0.0083351835824898,-0.0190930258852295,1078.0,provided_near80_endpoint_proxy,,True,Batch3_EDA_only
Batch 3,b3c11,11,,,5.6C(19%)-4.6C-newstructure,817.0,816,1.0,816.0,0.88113368,0.88313174,,0,,9,99,5.6,4.6,99,1.0680679,1.0698276717171715,0.0007320121578225,-0.0023049000000001,-2.6095773212293817e-05,0.0155247142727272,-1.183833333333502e-05,34.20373702283128,37.60932852326845,10.042466936026983,-3.884486652694074,-0.0156206911756534,-0.034087374997818,817.0,provided_near80_endpoint_proxy,,True,Batch3_EDA_only
Batch 3,b3c12,12,,,5.6C(36%)-4.3C-newstructure,932.0,931,1.0,931.0,0.88080788,0.88276571,,0,,9,99,5.6,4.3,99,1.0741653,1.0763353797979798,0.0005018125250518,-0.0010042999999999,-1.403298136645261e-05,0.0160478353636363,1.2474866666663947e-05,33.2205731520236,35.542101100869175,10.042442037037002,-3.946355465036171,-0.0153148930636195,-0.0317349217881972,932.0,provided_near80_endpoint_proxy,,True,Batch3_EDA_only
Batch 3,b3c13,13,,,5.6C(19%)-4.6C-newstructure,816.0,815,1.0,815.0,0.88024569,0.88252878,,0,,9,99,5.6,4.6,99,1.065558,1.0687136323232325,0.0008011313149563,-0.0016103999999999,-2.3632121356909914e-05,0.0151285627171717,-8.765267777777891e-05,34.11768528185422,37.233278981795394,10.042358249158228,-4.094031973537554,-0.0117654801974339,-0.0276460839609007,816.0,provided_near80_endpoint_proxy,,True,Batch3_EDA_only
Batch 3,b3c14,14,,,5.6C(36%)-4.3C-newstructure,858.0,857,1.0,857.0,0.88065648,0.88313156,,0,,9,99,5.6,4.3,99,1.0727056,1.077015806060606,0.0007679187867174,7.359999999989597e-05,-7.178810320113945e-06,0.0155519219898989,-1.6214199999999707e-05,33.11953606667905,35.48777029470216,10.041858265993287,-3.9992331831677137,-0.0132035573326509,-0.0292823603627372,858.0,provided_near80_endpoint_proxy,,True,Batch3_EDA_only
Batch 3,b3c15,15,,,5.9C(15%)-4.6C-newstructure,876.0,875,1.0,875.0,0.88058048,0.88157988,,0,,9,99,5.9,4.6,99,1.0684187,1.070546722222222,0.0006409375869889,-0.0015450999999999,-1.980556458034287e-05,0.0153060112222222,-3.830924444444411e-05,33.51055049283859,36.80771071001127,10.04163658249164,-4.00024991015545,-0.01334033083158,-0.0294843450023362,876.0,provided_near80_endpoint_proxy,,True,Batch3_EDA_only
Batch 3,b3c16,16,,,4.8C(80%)-4.8C-newstructure,1638.0,1637,1.0,1637.0,0.88014877,0.88079518,,0,,9,99,4.8,4.8,99,1.061009,1.0635088555555554,0.0007041574438301,-0.0010419999999999,-1.883284280936714e-05,0.0153110507171717,-7.741967777777706e-05,34.94134876933804,37.83242540611344,11.040587407407404,-4.694078987698978,-0.0053233023549801,-0.0134519956396188,1638.0,provided_near80_endpoint_proxy,,True,Batch3_EDA_only
Batch 3,b3c17,17,,,5.3C(54%)-4C-newstructure,1315.0,1314,1.0,1314.0,0.88043362,0.8812601,,0,,9,99,5.3,4.0,99,1.0664514,1.067047807070707,0.0013844000858959,-0.0024626999999999,-1.4394919573166945e-06,0.0154435866464646,-9.26867999999966e-05,35.07228784758459,37.40160198756502,10.0421028114478,-4.43927856799074,-0.0072362168298251,-0.0178823915504138,1315.0,provided_near80_endpoint_proxy,,True,Batch3_EDA_only
Batch 3,b3c18,18,,,5.6C(19%)-4.6C-newstructure,1146.0,1145,1.0,1145.0,0.88003904,0.88076878,,0,,9,99,5.6,4.6,99,1.0680237,1.0688689090909091,0.0009418506300424,-0.0030027999999999,-3.550209428252919e-05,0.0150155265353535,-1.5035744444445371e-05,35.2914180269327,37.97024186611959,10.04310829966328,-4.2536174894114485,-0.0103422572436678,-0.0234557699816599,1146.0,provided_near80_endpoint_proxy,,True,Batch3_EDA_only
Batch 3,b3c19,19,,,5.6C(36%)-4.3C-newstructure,1155.0,1154,1.0,1154.0,0.88007373,0.88100916,,0,,9,99,5.6,4.3,99,1.0719248,1.0727208262626262,0.0009277859610994,-0.0030269999999998,-3.5161089345438536e-05,0.0154634931818181,2.07336666666752e-06,35.09835953689969,37.876070766588285,10.043189629629584,-4.171507362895025,-0.01154547966315,-0.0252936577042025,1155.0,provided_near80_endpoint_proxy,,True,Batch3_EDA_only
Batch 3,b3c20,20,,,5C(67%)-4C-newstructure,813.0,812,1.0,812.0,0.88059181,0.88260895,,0,,9,99,5.0,4.0,99,1.0650502,1.067449897979798,0.0005520515101826,-0.0010921000000001,-1.5147082337950086e-05,0.0152633222323232,3.994666666664801e-06,33.10212248197412,35.739254750947524,10.043380471380493,-4.065910181495544,-0.0119193833873199,-0.0280719935724769,813.0,provided_near80_endpoint_proxy,,True,Batch3_EDA_only
Batch 3,b3c21,21,,,3.7C(31%)-5.9C-newstructure,772.0,771,1.0,771.0,0.8801983,0.88257319,,0,,9,99,3.7,5.9,99,1.0678563,1.0619781898989895,0.0045746755605111,-0.0147861999999998,-0.000165483624781,0.0140930141313131,0.0001938121777777,34.900399416468076,37.9177756860133,10.079161515151515,-3.7038921739552135,-0.0235387042230519,-0.0432761485780055,772.0,provided_near80_endpoint_proxy,,True,Batch3_EDA_only
Batch 3,b3c22,22,,,5.9C(60%)-3.1C-newstructure,1002.0,1001,1.0,1001.0,0.88094068,0.88426059,,0,,9,99,5.9,3.1,99,1.0562643,1.0581549232323233,0.0006686813848992,-0.0015982999999999,-2.3564351011294974e-05,0.0156856873535353,-9.551923333333406e-05,34.61069656408486,37.5322343873043,10.04255023569017,-4.046387885320449,-0.0137225505163629,-0.02840932971863,1002.0,provided_near80_endpoint_proxy,,True,Batch3_EDA_only
Batch 3,b3c23,23,,,4.8C(80%)-4.8C-newstructure,,2189,1.0,2189.0,0.93701142,0.93748081,,0,,9,99,4.8,4.8,99,1.0661554,1.0681112222222222,0.0005949815485731,-0.0014676,-1.0243317407231192e-05,0.0152614808787878,-3.319588888888933e-05,34.929390162261846,38.202055623468546,11.038375218855206,-4.543355442337179,-0.0068086586843723,-0.0156083197208289,,unresolved_or_missing,원저자 B3 수집 오류·비완주·잡음 6개 제외 목록; 확정 교차 또는 80% 근처 종료 라벨로 확인되지 않음; 수명 라벨 결측,False,excluded
Batch 3,b3c24,24,,,5C(67%)-4C-newstructure,825.0,824,1.0,824.0,0.88021326,0.88292801,,0,,9,99,5.0,4.0,99,1.0462732,1.050441208080808,0.0007304708750721,0.0001227999999999,-2.15247650899136e-07,0.0155540378585858,-8.093565555555848e-05,34.68760501613314,37.23633184265304,10.041832441077416,-4.154820483102516,-0.010345482795288,-0.0247723986145858,825.0,provided_near80_endpoint_proxy,,True,Batch3_EDA_only
Batch 3,b3c25,25,,,5.3C(54%)-4C-newstructure,989.0,988,1.0,988.0,0.88167018,0.8841275,,0,,9,99,5.3,4.0,99,1.0611302,1.0648225050505051,0.0006979070751396,0.0001602,-2.9054260232480894e-06,0.0156418515151515,2.0855300000000715e-05,35.58186389191699,38.88624032121534,10.042413013468028,-4.146126232959254,-0.0109258216461676,-0.0265762492097603,989.0,provided_near80_endpoint_proxy,,True,Batch3_EDA_only
Batch 3,b3c26,26,,,5.6C(19%)-4.6C-newstructure,1028.0,1027,1.0,1027.0,0.88023561,0.88165653,,0,,9,99,5.6,4.6,99,1.0720186,1.075112296969697,0.00060737390219,-0.0005151999999999,-9.675868768901348e-06,0.0155935727272727,6.350744444449247e-06,35.745916536891265,39.14135891629517,10.042290858585826,-4.219072902127027,-0.0101395927834648,-0.0241791392678879,1028.0,provided_near80_endpoint_proxy,,True,Batch3_EDA_only
Batch 3,b3c27,27,,,5.6C(36%)-4.3C-newstructure,850.0,849,1.0,849.0,0.88002509,0.88191897,,0,,9,99,5.6,4.3,99,1.0604171,1.0637090626262626,0.0006428286972885,-0.0010832,-1.3569039655995085e-05,0.0149194405151515,-1.594696666666444e-05,35.30844806776433,38.44588898200405,10.045002356902378,-4.12969779916042,-0.0107099108732285,-0.0266002908070785,850.0,provided_near80_endpoint_proxy,,True,Batch3_EDA_only
Batch 3,b3c28,28,,,3.7C(31%)-5.9C-newstructure,541.0,540,1.0,540.0,0.88010961,0.88175243,,0,,9,99,3.7,5.9,99,1.0518668,1.0445220202020202,0.0056785904773002,-0.0184483000000001,-0.0002047446169772,0.0134208849696969,0.0003851259111111,35.69688828820833,39.55791836716047,10.088611986532047,-3.4512233812429836,-0.0302561192147094,-0.0578311205506406,541.0,provided_near80_endpoint_proxy,,True,Batch3_EDA_only
Batch 3,b3c29,29,,,5.9C(15%)-4.6C-newstructure,858.0,857,1.0,857.0,0.88007307,0.8821013,,0,,9,99,5.9,4.6,99,1.0663688,1.07050026969697,0.000803284136486,-0.0002109999999999,-8.117663640705664e-06,0.0148241267474747,-0.0001177657111111,31.262889334066085,31.680285422399457,10.04197961279458,-4.06314158842719,-0.0113005751485532,-0.0289214751611649,858.0,provided_near80_endpoint_proxy,,True,Batch3_EDA_only
Batch 3,b3c30,30,,,5.3C(54%)-4C-newstructure,935.0,934,1.0,934.0,0.88024825,0.88269353,,0,,9,99,5.3,4.0,99,1.0687393,1.0717059313131312,0.0005634357847749,-0.0006960999999998,-1.2096585443535233e-05,0.0155726789292929,-2.0149044444443473e-05,32.24311941023021,33.95640656351435,10.04344259259257,-4.099791035006636,-0.0111375708993828,-0.0267371697557434,935.0,provided_near80_endpoint_proxy,,True,Batch3_EDA_only
Batch 3,b3c31,31,,,5.9C(60%)-3.1C-newstructure,731.0,730,1.0,730.0,0.88031369,0.88328296,,0,,9,99,5.9,3.1,99,1.0681812,1.0707996878787878,0.000644698958527,-0.0010414,-1.799799808886109e-05,0.015875272090909,5.005349999999756e-05,34.00003070157337,36.77304266866142,10.045700723905671,-3.839168513661697,-0.0163505485614894,-0.0356194097392656,731.0,provided_near80_endpoint_proxy,,True,Batch3_EDA_only
Batch 3,b3c32,32,,,4.8C(80%)-4.8C-newstructure,,2237,1.0,2237.0,0.97388279,0.97413599,,0,,9,99,4.8,4.8,99,1.0725862,1.074329306060606,0.0005715649592037,-0.0012216999999998,-1.5948668577794883e-05,0.0153720729494949,-0.0001639253111111,35.436174962805026,38.1223484949636,11.039484747474772,-4.672918260349452,-0.0032569008987653,-0.0101214004162617,,unresolved_or_missing,원저자 B3 수집 오류·비완주·잡음 6개 제외 목록; 확정 교차 또는 80% 근처 종료 라벨로 확인되지 않음; 수명 라벨 결측,False,excluded
Batch 3,b3c33,33,,,5C(67%)-4C-newstructure,1284.0,1283,1.0,1283.0,0.88079751,0.8823657,,0,,9,99,5.0,4.0,99,1.060272,1.062159194949495,0.0005988428826122,-0.0015305000000001,-1.9696050326486636e-05,0.0153407971717171,-8.131105555555379e-05,33.10710984192206,34.284327507895505,10.043259696969717,-4.395463821299672,-0.0078486783617875,-0.0198859256479102,1284.0,provided_near80_endpoint_proxy,,True,Batch3_EDA_only
Batch 3,b3c34,34,,,5.3C(54%)-4C-newstructure,1158.0,1157,1.0,1157.0,0.88017184,0.8816644,,0,,9,99,5.3,4.0,99,1.061535,1.063246013131313,0.0007885641540033,-0.0024827999999998,-2.89226739926711e-05,0.015302312080808,-3.418754444444588e-05,35.77943527518051,38.98815031750086,10.04353981481482,-4.305224992817558,-0.0095520055677729,-0.0215098927699143,1158.0,provided_near80_endpoint_proxy,,True,Batch3_EDA_only
Batch 3,b3c35,35,,,5.6C(19%)-4.6C-newstructure,1093.0,1092,1.0,1092.0,0.88011736,0.88138103,,0,,9,99,5.6,4.6,99,1.0633804,1.0644993393939397,0.0006854699676345,-0.0019807,-2.5849850294632247e-05,0.015374372010101,-4.915107777778149e-05,35.532941501822236,38.53730929443863,10.043588619528592,-4.234423777950546,-0.009826425701495,-0.0230280751526336,1093.0,provided_near80_endpoint_proxy,,True,Batch3_EDA_only
Batch 3,b3c36,36,,,5.6C(36%)-4.3C-newstructure,923.0,922,1.0,922.0,0.88060242,0.88379133,,0,,9,99,5.6,4.3,99,1.0575287,1.0593632474747476,0.0008499465656815,-0.002261,-3.125922599139511e-05,0.0151344318989899,-6.239752222221909e-05,35.87907157748097,39.38680749559564,10.043494949494974,-4.253023408907191,-0.0099083574699246,-0.0229818135179924,923.0,provided_near80_endpoint_proxy,,True,Batch3_EDA_only
Batch 3,b3c37,37,,,4.8C(80%)-4.8C-newstructure,1390.0,1389,1.0,1389.0,0.88049883,0.88202643,,0,,9,99,4.8,4.8,99,1.0465839,1.049442304040404,0.0018961526886222,-0.0003543000000001,-1.1054983277591193e-05,0.0147157734141414,-7.412761111111332e-05,35.01461049108638,37.82132622347397,11.03842819865316,-5.0984213376234795,-0.0010767977663257,-0.0084398229887185,1390.0,unresolved_or_missing,원저자 B3 수집 오류·비완주·잡음 6개 제외 목록; 확정 교차 또는 80% 근처 종료 라벨로 확인되지 않음,False,excluded
Batch 3,b3c38,38,,,5C(67%)-4C-newstructure,1935.0,1934,1.0,1934.0,0.88000458,0.88092142,,0,,9,99,5.0,4.0,99,1.0701473,1.0719827515151514,0.0004576555836049,-0.0012724000000001,-1.464993948081487e-05,0.0158358992424242,-8.123378888888824e-05,34.745836319764145,37.739090670595026,10.043707962962928,-4.341618532018267,-0.0086930833729754,-0.0201470057216749,1935.0,provided_near80_endpoint_proxy,,True,Batch3_EDA_only
Batch 3,b3c39,39,,,5.3C(54%)-4C-newstructure,1156.0,1155,1.0,1155.0,0.88043225,0.88255972,,0,,9,99,5.3,4.0,99,1.0474036,1.0505830505050504,0.0007741325889846,-0.0009133999999999,-1.87077990125832e-05,0.015563160080808,-6.683183333333273e-05,33.887021839840784,36.074946023996944,10.043092710437712,-4.454200564792302,-0.0064284385895605,-0.0174579176948327,1156.0,provided_near80_endpoint_proxy,,True,Batch3_EDA_only
Batch 3,b3c40,40,,,5.6C(19%)-4.6C-newstructure,796.0,795,1.0,795.0,0.88070726,0.88294756,,0,,9,99,5.6,4.6,99,1.0593235,1.062999387878788,0.0008114376765244,-0.0014722999999998,-2.0118948877207215e-05,0.0153907493838383,-0.0001876314222222,34.05341123035083,37.527810173662246,10.043764865319858,-4.294673763163302,-0.0090788614789257,-0.0220537944821722,796.0,provided_near80_endpoint_proxy,,True,Batch3_EDA_only
Batch 3,b3c41,41,,,5.6C(36%)-4.3C-newstructure,786.0,785,1.0,785.0,0.88062328,0.88251382,,0,,9,99,5.6,4.3,99,1.0505219,1.0543741434343434,0.0006837942484213,0.0003908999999999,1.1853320593366784e-07,0.0183069925353535,-0.0002185834,33.640262798950594,36.62919119540175,10.043162962962906,-4.219074858982626,-0.0097480505250246,-0.0241929936990986,786.0,provided_near80_endpoint_proxy,,True,Batch3_EDA_only
Batch 3,b3c42,42,,,4.8C(80%)-4.8C-newstructure,1642.0,1641,1.0,1641.0,0.88037544,0.88136953,,0,,9,99,4.8,4.8,99,1.0669198,1.0695203565656566,0.0004702150329417,-0.0001573999999999,-5.098993470293996e-06,0.0161318303232323,-0.0004633055999999,33.03326599301577,35.57262282220451,11.03849814814812,-4.345760173287821,0.0007845194706261,-0.0056097890463586,1642.0,unresolved_or_missing,원저자 B3 수집 오류·비완주·잡음 6개 제외 목록; 확정 교차 또는 80% 근처 종료 라벨로 확인되지 않음,False,excluded
Batch 3,b3c43,43,,,5C(67%)-4C-newstructure,1046.0,1045,1.0,1045.0,0.88060749,0.8824718,,0,,9,99,5.0,4.0,99,1.0701852,1.0728844272727274,0.0004683624908033,-0.0001888000000001,-4.090297818121304e-06,0.0158285013737373,-0.0001577086222222,33.89526904792961,36.95614928561784,10.043652104377044,-4.3163135082513255,-0.0032660569334268,-0.0129763989917587,1046.0,unresolved_or_missing,원저자 B3 수집 오류·비완주·잡음 6개 제외 목록; 확정 교차 또는 80% 근처 종료 라벨로 확인되지 않음,False,excluded
Batch 3,b3c44,44,,,5.3C(54%)-4C-newstructure,940.0,939,1.0,939.0,0.88046378,0.8833977,,0,,9,99,5.3,4.0,99,1.06972,1.07331738989899,0.0006864978404543,0.0001800999999999,-6.09089345437082e-06,0.0155725037777777,-3.148534444444989e-05,33.35164903826186,36.336163666791506,10.043212407407369,-4.131061010602478,-0.0112310610964919,-0.0259851318875047,940.0,provided_near80_endpoint_proxy,,True,Batch3_EDA_only
Batch 3,b3c45,45,,,4.8C(80%)-4.8C-newstructure,1801.0,1800,1.0,1800.0,0.88047254,0.88088334,,0,,9,99,4.8,4.8,99,1.0695485,1.0714658575757574,0.0004572554693612,-0.0002056999999999,-5.629530179966145e-06,0.0156186924747474,-3.4317333333328676e-05,32.72596355233115,34.6817726725469,11.038587558922575,-4.520416288811736,-0.0071317524619861,-0.0164779607403006,1801.0,provided_near80_endpoint_proxy,,True,Batch3_EDA_only
