cell_id,batch,analysis_eligible,exclusion_reason,split_role
b1c0,Batch 1,False,원저자 B1 비완주 5개 또는 별도 후속기록 필요 5개; 확정 교차 또는 80% 근처 종료 라벨로 확인되지 않음,excluded
b1c1,Batch 1,False,원저자 B1 비완주 5개 또는 별도 후속기록 필요 5개; 확정 교차 또는 80% 근처 종료 라벨로 확인되지 않음,excluded
b1c2,Batch 1,False,원저자 B1 비완주 5개 또는 별도 후속기록 필요 5개; 확정 교차 또는 80% 근처 종료 라벨로 확인되지 않음,excluded
b1c3,Batch 1,False,원저자 B1 비완주 5개 또는 별도 후속기록 필요 5개; 확정 교차 또는 80% 근처 종료 라벨로 확인되지 않음,excluded
b1c4,Batch 1,False,원저자 B1 비완주 5개 또는 별도 후속기록 필요 5개; 확정 교차 또는 80% 근처 종료 라벨로 확인되지 않음,excluded
b1c5,Batch 1,True,,Batch1_CV_development
b1c6,Batch 1,True,,Batch1_CV_development
b1c7,Batch 1,True,,Batch1_CV_development
b1c8,Batch 1,False,원저자 B1 비완주 5개 또는 별도 후속기록 필요 5개; 확정 교차 또는 80% 근처 종료 라벨로 확인되지 않음,excluded
b1c9,Batch 1,True,,Batch1_CV_development
b1c10,Batch 1,False,원저자 B1 비완주 5개 또는 별도 후속기록 필요 5개; 확정 교차 또는 80% 근처 종료 라벨로 확인되지 않음,excluded
b1c11,Batch 1,True,,Batch1_CV_development
b1c12,Batch 1,False,원저자 B1 비완주 5개 또는 별도 후속기록 필요 5개; 확정 교차 또는 80% 근처 종료 라벨로 확인되지 않음,excluded
b1c13,Batch 1,False,원저자 B1 비완주 5개 또는 별도 후속기록 필요 5개; 확정 교차 또는 80% 근처 종료 라벨로 확인되지 않음,excluded
b1c14,Batch 1,True,,Batch1_CV_development
b1c15,Batch 1,True,,Batch1_CV_development
b1c16,Batch 1,True,,Batch1_CV_development
b1c17,Batch 1,True,,Batch1_CV_development
b1c18,Batch 1,True,,Batch1_CV_development
b1c19,Batch 1,True,,Batch1_CV_development
b1c20,Batch 1,True,,Batch1_CV_development
b1c21,Batch 1,True,,Batch1_holdout
b1c22,Batch 1,False,원저자 B1 비완주 5개 또는 별도 후속기록 필요 5개; 확정 교차 또는 80% 근처 종료 라벨로 확인되지 않음,excluded
b1c23,Batch 1,True,,Batch1_holdout
b1c24,Batch 1,True,,Batch1_CV_development
b1c25,Batch 1,True,,Batch1_CV_development
b1c26,Batch 1,True,,Batch1_holdout
b1c27,Batch 1,True,,Batch1_CV_development
b1c28,Batch 1,True,,Batch1_CV_development
b1c29,Batch 1,True,,Batch1_CV_development
b1c30,Batch 1,True,,Batch1_CV_development
b1c31,Batch 1,True,,Batch1_holdout
b1c32,Batch 1,True,,Batch1_CV_development
b1c33,Batch 1,True,,Batch1_CV_development
b1c34,Batch 1,True,,Batch1_CV_development
b1c35,Batch 1,True,,Batch1_CV_development
b1c36,Batch 1,True,,Batch1_holdout
b1c37,Batch 1,True,,Batch1_CV_development
b1c38,Batch 1,True,,Batch1_CV_development
b1c39,Batch 1,True,,Batch1_CV_development
b1c40,Batch 1,True,,Batch1_holdout
b1c41,Batch 1,True,,Batch1_holdout
b1c42,Batch 1,True,,Batch1_CV_development
b1c43,Batch 1,True,,Batch1_CV_development
b1c44,Batch 1,True,,Batch1_CV_development
b1c45,Batch 1,True,,Batch1_holdout
b2c0,Batch 2,True,,Batch2_final_test
b2c1,Batch 2,True,,Batch2_final_test
b2c2,Batch 2,True,,Batch2_final_test
b2c3,Batch 2,True,,Batch2_final_test
b2c4,Batch 2,True,,Batch2_final_test
b2c5,Batch 2,True,,Batch2_final_test
b2c6,Batch 2,True,,Batch2_final_test
b2c7,Batch 2,True,,Batch2_final_test
b2c8,Batch 2,True,,Batch2_final_test
b2c9,Batch 2,True,,Batch2_final_test
b2c10,Batch 2,True,,Batch2_final_test
b2c11,Batch 2,True,,Batch2_final_test
b2c12,Batch 2,True,,Batch2_final_test
b2c13,Batch 2,True,,Batch2_final_test
b2c14,Batch 2,True,,Batch2_final_test
b2c15,Batch 2,True,,Batch2_final_test
b2c16,Batch 2,True,,Batch2_final_test
b2c17,Batch 2,True,,Batch2_final_test
b2c18,Batch 2,True,,Batch2_final_test
b2c19,Batch 2,True,,Batch2_final_test
b2c20,Batch 2,True,,Batch2_final_test
b2c21,Batch 2,True,,Batch2_final_test
b2c22,Batch 2,False,확정 교차 또는 80% 근처 종료 라벨로 확인되지 않음; 수명 라벨 결측,excluded
b2c23,Batch 2,False,확정 교차 또는 80% 근처 종료 라벨로 확인되지 않음; 수명 라벨 결측,excluded
b2c24,Batch 2,True,,Batch2_final_test
b2c25,Batch 2,True,,Batch2_final_test
b2c26,Batch 2,True,,Batch2_final_test
b2c27,Batch 2,True,,Batch2_final_test
b2c28,Batch 2,True,,Batch2_final_test
b2c29,Batch 2,True,,Batch2_final_test
b2c30,Batch 2,True,,Batch2_final_test
b2c31,Batch 2,True,,Batch2_final_test
b2c32,Batch 2,True,,Batch2_final_test
b2c33,Batch 2,True,,Batch2_final_test
b2c34,Batch 2,True,,Batch2_final_test
b2c35,Batch 2,False,확정 교차 또는 80% 근처 종료 라벨로 확인되지 않음; 수명 라벨 결측,excluded
b2c36,Batch 2,False,확정 교차 또는 80% 근처 종료 라벨로 확인되지 않음; 수명 라벨 결측,excluded
b2c37,Batch 2,False,확정 교차 또는 80% 근처 종료 라벨로 확인되지 않음; 수명 라벨 결측,excluded
b2c38,Batch 2,False,확정 교차 또는 80% 근처 종료 라벨로 확인되지 않음; 수명 라벨 결측,excluded
b2c39,Batch 2,False,확정 교차 또는 80% 근처 종료 라벨로 확인되지 않음; 수명 라벨 결측,excluded
b2c40,Batch 2,False,확정 교차 또는 80% 근처 종료 라벨로 확인되지 않음; 수명 라벨 결측,excluded
b2c41,Batch 2,True,,Batch2_final_test
b2c42,Batch 2,True,,Batch2_final_test
b2c43,Batch 2,True,,Batch2_final_test
b2c44,Batch 2,True,,Batch2_final_test
b2c45,Batch 2,True,,Batch2_final_test
b2c46,Batch 2,True,,Batch2_final_test
