fold,role,cell_id,policy
1,train,b1c9,5.4C(40%)-3.6C
1,train,b1c11,5.4C(50%)-3C
1,train,b1c14,5.4C(60%)-3C
1,train,b1c15,5.4C(60%)-3C
1,train,b1c16,5.4C(60%)-3.6C
1,train,b1c17,5.4C(60%)-3.6C
1,train,b1c24,6C(40%)-3C
1,train,b1c25,6C(40%)-3C
1,train,b1c27,6C(40%)-3.6C
1,train,b1c28,6C(50%)-3C
1,train,b1c29,6C(50%)-3C
1,train,b1c30,6C(50%)-3.6C
1,train,b1c34,7C(30%)-3.6C
1,train,b1c35,7C(30%)-3.6C
1,train,b1c37,7C(40%)-3C
1,train,b1c38,7C(40%)-3.6C
1,train,b1c39,7C(40%)-3.6C
1,train,b1c44,8C(35%)-3.6C
1,validation,b1c5,4.4C(80%)-4.4C
1,validation,b1c6,4.8C(80%)-4.8C
1,validation,b1c7,4.8C(80%)-4.8C
1,validation,b1c18,5.4C(70%)-3C
1,validation,b1c19,5.4C(70%)-3C
1,validation,b1c20,5.4C(80%)-5.4C
1,validation,b1c32,6C(60%)-3C
1,validation,b1c33,6C(60%)-3C
1,validation,b1c42,8C(25%)-3.6C
1,validation,b1c43,8C(25%)-3.6C
2,train,b1c5,4.4C(80%)-4.4C
2,train,b1c6,4.8C(80%)-4.8C
2,train,b1c7,4.8C(80%)-4.8C
2,train,b1c9,5.4C(40%)-3.6C
2,train,b1c16,5.4C(60%)-3.6C
2,train,b1c17,5.4C(60%)-3.6C
2,train,b1c18,5.4C(70%)-3C
2,train,b1c19,5.4C(70%)-3C
2,train,b1c20,5.4C(80%)-5.4C
2,train,b1c24,6C(40%)-3C
2,train,b1c25,6C(40%)-3C
2,train,b1c27,6C(40%)-3.6C
2,train,b1c32,6C(60%)-3C
2,train,b1c33,6C(60%)-3C
2,train,b1c34,7C(30%)-3.6C
2,train,b1c35,7C(30%)-3.6C
2,train,b1c37,7C(40%)-3C
2,train,b1c42,8C(25%)-3.6C
2,train,b1c43,8C(25%)-3.6C
2,validation,b1c11,5.4C(50%)-3C
2,validation,b1c14,5.4C(60%)-3C
2,validation,b1c15,5.4C(60%)-3C
2,validation,b1c28,6C(50%)-3C
2,validation,b1c29,6C(50%)-3C
2,validation,b1c30,6C(50%)-3.6C
2,validation,b1c38,7C(40%)-3.6C
2,validation,b1c39,7C(40%)-3.6C
2,validation,b1c44,8C(35%)-3.6C
3,train,b1c5,4.4C(80%)-4.4C
3,train,b1c6,4.8C(80%)-4.8C
3,train,b1c7,4.8C(80%)-4.8C
3,train,b1c11,5.4C(50%)-3C
3,train,b1c14,5.4C(60%)-3C
3,train,b1c15,5.4C(60%)-3C
3,train,b1c18,5.4C(70%)-3C
3,train,b1c19,5.4C(70%)-3C
3,train,b1c20,5.4C(80%)-5.4C
3,train,b1c28,6C(50%)-3C
3,train,b1c29,6C(50%)-3C
3,train,b1c30,6C(50%)-3.6C
3,train,b1c32,6C(60%)-3C
3,train,b1c33,6C(60%)-3C
3,train,b1c38,7C(40%)-3.6C
3,train,b1c39,7C(40%)-3.6C
3,train,b1c42,8C(25%)-3.6C
3,train,b1c43,8C(25%)-3.6C
3,train,b1c44,8C(35%)-3.6C
3,validation,b1c9,5.4C(40%)-3.6C
3,validation,b1c16,5.4C(60%)-3.6C
3,validation,b1c17,5.4C(60%)-3.6C
3,validation,b1c24,6C(40%)-3C
3,validation,b1c25,6C(40%)-3C
3,validation,b1c27,6C(40%)-3.6C
3,validation,b1c34,7C(30%)-3.6C
3,validation,b1c35,7C(30%)-3.6C
3,validation,b1c37,7C(40%)-3C
