candidate_id,family,feature_set,n_features,target_transform,params,cv_mape_pct_mean,cv_mape_pct_sd,cv_mae_cycles_mean,cv_mae_cycles_sd,cv_rmse_cycles_mean,cv_rmse_cycles_sd,cv_r2_mean,cv_r2_sd
C037,Ridge,no_qd_change7,7,log,"{""alpha"": 10.0}",8.228473548464674,1.3258589779445429,65.73481052930651,15.527059426261367,79.21249626531313,20.514373619323404,0.5863707154750871,0.2106334350549961
C032,Ridge,no_qd_change7,7,raw,"{""alpha"": 10.0}",8.812625452378477,1.2143235131511532,68.78713029859506,14.39881512695011,82.12669347405767,20.903088156823166,0.5618621383437514,0.20383780730188675
C051,Ridge,no_qd_slope7,7,log,"{""alpha"": 10.0}",8.871001673509744,0.9067655518463107,70.23601604798108,11.881548311289844,82.66823873450456,18.676565195117544,0.560670874922371,0.1712560638861414
C092,Ridge,no_ir6,6,log,"{""alpha"": 1.0}",9.075864970878088,3.1646293056608994,69.11125091701902,21.058365763513,79.9869735664292,28.35220373646839,0.5951647454800296,0.19232383301735154
C106,Ridge,deltaq_only1,1,log,"{""alpha"": 1.0}",9.08826883741775,1.130451942590685,72.87884309021466,6.138840008392882,94.31709799984226,14.11126583068951,0.3910591717517316,0.30067768361110947
C105,Ridge,deltaq_only1,1,log,"{""alpha"": 0.1}",9.24160127561644,1.5349079373766328,73.89984903910475,9.572909449229865,94.51586730706804,17.124184076276617,0.37787021942172866,0.35138912676792416
C104,Linear,deltaq_only1,1,log,{},9.259516670214715,1.585516098032836,74.01914136743723,9.975589726455228,94.55343164139235,17.49785400605155,0.376049429792757,0.3576805581857133
C091,Ridge,no_ir6,6,log,"{""alpha"": 0.1}",9.301020948253658,3.5994240507127766,70.55945797282757,22.509675892037457,83.18328679305539,30.15224294104672,0.5613874471076165,0.2237886628744727
C101,Ridge,deltaq_only1,1,raw,"{""alpha"": 1.0}",9.369121983345844,1.3540245079398319,74.15768106808478,7.504145513711193,93.59125626668504,12.840844572849877,0.40355266072090656,0.2839365892485052
C100,Ridge,deltaq_only1,1,raw,"{""alpha"": 0.1}",9.533390386092163,1.8275261255086055,75.24876690006043,11.109337822773085,93.82066099512905,15.90193325612661,0.39047161193681407,0.3331201956091371
C099,Linear,deltaq_only1,1,raw,{},9.552574392618281,1.8852247790925198,75.37620279132396,11.531825644280065,93.86222621149648,16.276511179943725,0.38866782223979407,0.3391929329440576
C023,Ridge,deltaq8,8,log,"{""alpha"": 10.0}",9.644113387625136,1.4070353366364075,75.32416364093284,12.299061364179424,88.48080784181904,19.977555829213564,0.5037524503301126,0.15838704064041526
C079,Ridge,deltaq_min8,8,log,"{""alpha"": 10.0}",9.695464763014774,1.6231604891558065,76.04073669803317,15.04339617483404,89.15049445831062,22.493814238339972,0.49428252956293045,0.18849421769821614
C107,Ridge,deltaq_only1,1,log,"{""alpha"": 10.0}",9.719578155835194,0.8338789265108612,77.52627535901807,8.549864417960862,98.5536816840448,15.069399917401043,0.3736870394717169,0.18782063522275286
C093,Ridge,no_ir6,6,log,"{""alpha"": 10.0}",9.720089783001699,1.381392899807829,75.83671688570429,12.702912995703938,89.07431786688785,20.118623290927943,0.49708134092004225,0.16051757821139312
C046,Ridge,no_qd_slope7,7,raw,"{""alpha"": 10.0}",9.75940266180955,1.9770318565833627,75.02396925254224,14.767355013042142,89.03118191107033,23.139310616073264,0.49851379102258503,0.17539065283379582
C102,Ridge,deltaq_only1,1,raw,"{""alpha"": 10.0}",9.811245171109453,1.0804912242779618,77.37022737445393,7.783570205574442,97.90523624390163,12.835679398544096,0.3857067046985157,0.1494670375305313
C112,RandomForest,deltaq_only1,1,raw,"{""max_depth"": null, ""max_features"": 1.0, ""min_samples_leaf"": 3, ""n_estimators"": 300, ""n_jobs"": 1, ""random_state"": 42}",9.825922377725092,2.5237524540851295,76.50238616900928,13.358183553287095,96.4093516193535,8.543571211777058,0.3819070260143147,0.24919300449937562
C110,RandomForest,deltaq_only1,1,raw,"{""max_depth"": 3, ""max_features"": 1.0, ""min_samples_leaf"": 3, ""n_estimators"": 300, ""n_jobs"": 1, ""random_state"": 42}",9.826288979586609,2.522558552261028,76.50497126601107,13.350527243799748,96.41005499373573,8.540413405762145,0.3819038662831668,0.2491570393040097
C036,Ridge,no_qd_change7,7,log,"{""alpha"": 1.0}",9.996020424102483,3.7050507753261512,75.04530744055467,21.56988090344125,101.07036082087023,55.22356176335337,0.31443083743575423,0.599159799715562
C090,Linear,no_ir6,6,log,{},10.091685178573002,2.9168091084504435,76.35907404935318,15.985253198257222,89.27176495133222,25.566872100953958,0.49497346970454736,0.1934497592398039
C040,RandomForest,no_qd_change7,7,raw,"{""max_depth"": 3, ""max_features"": 1.0, ""min_samples_leaf"": 3, ""n_estimators"": 300, ""n_jobs"": 1, ""random_state"": 42}",10.100793346638733,2.9056155192950834,77.46264036930145,15.732378788269383,99.90809396571348,8.472948076741924,0.3409936274092565,0.24638337983705966
C042,RandomForest,no_qd_change7,7,raw,"{""max_depth"": null, ""max_features"": 1.0, ""min_samples_leaf"": 3, ""n_estimators"": 300, ""n_jobs"": 1, ""random_state"": 42}",10.100793346638733,2.9056155192950834,77.46264036930145,15.732378788269383,99.90809396571348,8.472948076741924,0.3409936274092565,0.24638337983705966
C026,RandomForest,deltaq8,8,raw,"{""max_depth"": 3, ""max_features"": 1.0, ""min_samples_leaf"": 3, ""n_estimators"": 300, ""n_jobs"": 1, ""random_state"": 42}",10.12139534338609,2.770406620083199,77.5972248948925,14.896522556392124,100.18448282516272,7.98749161855258,0.33798636477613453,0.2426761274116256
C028,RandomForest,deltaq8,8,raw,"{""max_depth"": null, ""max_features"": 1.0, ""min_samples_leaf"": 3, ""n_estimators"": 300, ""n_jobs"": 1, ""random_state"": 42}",10.12139534338609,2.770406620083199,77.5972248948925,14.896522556392124,100.18448282516272,7.98749161855258,0.33798636477613453,0.2426761274116256
C096,RandomForest,no_ir6,6,raw,"{""max_depth"": 3, ""max_features"": 1.0, ""min_samples_leaf"": 3, ""n_estimators"": 300, ""n_jobs"": 1, ""random_state"": 42}",10.149456679286331,2.6594174820721106,78.38396120552972,13.553310027821475,100.04628574785941,7.207996076619556,0.34327871467891685,0.22219985367081668
C098,RandomForest,no_ir6,6,raw,"{""max_depth"": null, ""max_features"": 1.0, ""min_samples_leaf"": 3, ""n_estimators"": 300, ""n_jobs"": 1, ""random_state"": 42}",10.149456679286331,2.6594174820721106,78.38396120552972,13.553310027821475,100.04628574785941,7.207996076619556,0.34327871467891685,0.22219985367081668
C109,RandomForest,deltaq_only1,1,raw,"{""max_depth"": 3, ""max_features"": 1.0, ""min_samples_leaf"": 1, ""n_estimators"": 300, ""n_jobs"": 1, ""random_state"": 42}",10.150641719504009,1.22796360412952,82.29398116931084,5.995602295389251,108.93677490236773,8.698553273834241,0.21345008423248024,0.27966942884434115
C054,RandomForest,no_qd_slope7,7,raw,"{""max_depth"": 3, ""max_features"": 1.0, ""min_samples_leaf"": 3, ""n_estimators"": 300, ""n_jobs"": 1, ""random_state"": 42}",10.172942888500287,2.665895968954031,78.05803845687917,13.964074087191616,100.26145529197602,7.367263797905503,0.33983230006848336,0.22682181224777404
C056,RandomForest,no_qd_slope7,7,raw,"{""max_depth"": null, ""max_features"": 1.0, ""min_samples_leaf"": 3, ""n_estimators"": 300, ""n_jobs"": 1, ""random_state"": 42}",10.172942888500287,2.665895968954031,78.05803845687917,13.964074087191616,100.26145529197602,7.367263797905503,0.33983230006848336,0.22682181224777404
C065,Ridge,deltaq_mean8,8,log,"{""alpha"": 10.0}",10.387719592924288,1.5630481212930418,81.1455822025657,15.259644764514357,94.01532775625503,22.367696476706033,0.4387491969297745,0.19340307731175901
C039,RandomForest,no_qd_change7,7,raw,"{""max_depth"": 3, ""max_features"": 1.0, ""min_samples_leaf"": 1, ""n_estimators"": 300, ""n_jobs"": 1, ""random_state"": 42}",10.410710535799062,3.845985622843484,80.26187608752709,23.989935953296833,106.50442354628831,18.579274373683713,0.21691909499145015,0.4550345510278195
C097,RandomForest,no_ir6,6,raw,"{""max_depth"": null, ""max_features"": 1.0, ""min_samples_leaf"": 1, ""n_estimators"": 300, ""n_jobs"": 1, ""random_state"": 42}",10.425191462073764,3.2942825483465437,81.36433333333333,18.698852593738447,105.26107197319595,13.171845817772049,0.25771796735051516,0.3385717184631799
C041,RandomForest,no_qd_change7,7,raw,"{""max_depth"": null, ""max_features"": 1.0, ""min_samples_leaf"": 1, ""n_estimators"": 300, ""n_jobs"": 1, ""random_state"": 42}",10.458236834248131,3.9297935306563647,80.59404938271605,24.72975933827756,106.34271006572044,19.866592567346153,0.21674697275111043,0.4699064090083612
C095,RandomForest,no_ir6,6,raw,"{""max_depth"": 3, ""max_features"": 1.0, ""min_samples_leaf"": 1, ""n_estimators"": 300, ""n_jobs"": 1, ""random_state"": 42}",10.539246794995487,3.1368432603105334,82.0518775870221,17.32624882883281,105.85766708641393,11.823908589047134,0.25083441277454693,0.32945898178817873
C027,RandomForest,deltaq8,8,raw,"{""max_depth"": null, ""max_features"": 1.0, ""min_samples_leaf"": 1, ""n_estimators"": 300, ""n_jobs"": 1, ""random_state"": 42}",10.56220389967097,3.7766678159624596,81.46290123456792,24.006820087446396,107.56878962700536,19.096908409219335,0.1997771855066225,0.47040524689154806
C055,RandomForest,no_qd_slope7,7,raw,"{""max_depth"": null, ""max_features"": 1.0, ""min_samples_leaf"": 1, ""n_estimators"": 300, ""n_jobs"": 1, ""random_state"": 42}",10.598373358014387,3.6416994501960867,81.71864197530864,23.044866233426205,107.12803639815927,19.096765779812934,0.20811794810194914,0.46218679244425137
C053,RandomForest,no_qd_slope7,7,raw,"{""max_depth"": 3, ""max_features"": 1.0, ""min_samples_leaf"": 1, ""n_estimators"": 300, ""n_jobs"": 1, ""random_state"": 42}",10.60098766814486,3.646962180964984,81.71139247450085,22.84796246737641,107.42050930636844,18.608907752055845,0.20380550640434106,0.46079344207617867
C088,Ridge,no_ir6,6,raw,"{""alpha"": 10.0}",10.693560059926845,2.942106991484002,80.70982004118336,19.06978575027752,98.10625757933526,30.934357112890947,0.39311106867581974,0.2437347072691321
C025,RandomForest,deltaq8,8,raw,"{""max_depth"": 3, ""max_features"": 1.0, ""min_samples_leaf"": 1, ""n_estimators"": 300, ""n_jobs"": 1, ""random_state"": 42}",10.743131983647288,3.914444624794045,82.65909428630358,24.674005597391734,108.58208386685983,19.628963681751397,0.18195628653195497,0.4883674625742825
C018,Ridge,deltaq8,8,raw,"{""alpha"": 10.0}",10.78221196441177,3.263026885307693,81.47816119501861,20.1935961457565,99.48956511559875,33.10691322032129,0.3749874415889802,0.26979214269255614
C074,Ridge,deltaq_min8,8,raw,"{""alpha"": 10.0}",10.857268217532827,3.4026809127668427,82.25004715295239,21.86909437022536,100.10850614244396,34.98078385217971,0.3644637584357025,0.2925626361466409
C111,RandomForest,deltaq_only1,1,raw,"{""max_depth"": null, ""max_features"": 1.0, ""min_samples_leaf"": 1, ""n_estimators"": 300, ""n_jobs"": 1, ""random_state"": 42}",10.957612612633028,1.4790161292191228,89.17666666666668,9.48619406178147,114.97885692222945,10.490315159728823,0.11950441094151498,0.33297998632488246
C035,Ridge,no_qd_change7,7,log,"{""alpha"": 0.1}",11.120508909237214,4.198128862014508,82.25524694817611,23.445250726063698,116.33756842918194,69.3036989042449,0.06562448600884004,0.8962492110265576
C050,Ridge,no_qd_slope7,7,log,"{""alpha"": 1.0}",11.229192935404877,5.372934682534942,83.77287098554143,32.287827037677886,113.6465446869151,72.38444909888277,0.09530107877182988,0.9329524392645364
C022,Ridge,deltaq8,8,log,"{""alpha"": 1.0}",11.272016161264085,5.413470096035379,84.21070852694129,32.638186748712684,114.08314632695567,72.5676685882964,0.08900248935709021,0.9382582523688182
C034,Linear,no_qd_change7,7,log,{},11.37541849617594,4.34896563346146,83.93874897136237,24.272549539979142,119.06515744277168,70.77669134728174,0.02011139430284799,0.9352239480404603
C078,Ridge,deltaq_min8,8,log,"{""alpha"": 1.0}",11.515995153084488,4.695668734785124,85.73191591610846,28.060455032808626,111.90697203814285,61.616694832903846,0.15521595924719314,0.7470690491099218
C060,Ridge,deltaq_mean8,8,raw,"{""alpha"": 10.0}",11.599373118220434,3.286488501517867,87.46260440891346,20.906418632855267,106.11356417977231,36.411756353625776,0.2875513987580059,0.3204074324221534
C087,Ridge,no_ir6,6,raw,"{""alpha"": 1.0}",11.666910980158079,6.735742816033239,83.96379603298237,39.934534622814255,108.94214185864264,69.14717082487009,0.1741557485177968,0.8346541626536937
C084,RandomForest,deltaq_min8,8,raw,"{""max_depth"": null, ""max_features"": 1.0, ""min_samples_leaf"": 3, ""n_estimators"": 300, ""n_jobs"": 1, ""random_state"": 42}",11.802849185410482,2.9078928248198106,90.58008713960943,15.846612858751946,110.33808927316561,9.07960471966249,0.1989140396888505,0.2864277330952895
C082,RandomForest,deltaq_min8,8,raw,"{""max_depth"": 3, ""max_features"": 1.0, ""min_samples_leaf"": 3, ""n_estimators"": 300, ""n_jobs"": 1, ""random_state"": 42}",11.803849951536508,2.906304627482325,90.58683611080284,15.836264015917237,110.34372888092888,9.070661620258461,0.1988426686000654,0.2863665677151715
C068,RandomForest,deltaq_mean8,8,raw,"{""max_depth"": 3, ""max_features"": 1.0, ""min_samples_leaf"": 3, ""n_estimators"": 300, ""n_jobs"": 1, ""random_state"": 42}",11.933824133806027,2.4961036211563994,90.82644802388972,13.584901984713552,112.1778299958376,7.753424354407622,0.17577191249997437,0.27066977530461966
C070,RandomForest,deltaq_mean8,8,raw,"{""max_depth"": null, ""max_features"": 1.0, ""min_samples_leaf"": 3, ""n_estimators"": 300, ""n_jobs"": 1, ""random_state"": 42}",11.933824133806027,2.4961036211563994,90.82644802388972,13.584901984713552,112.1778299958376,7.753424354407622,0.17577191249997437,0.27066977530461966
C064,Ridge,deltaq_mean8,8,log,"{""alpha"": 1.0}",12.06936359728376,4.6932738986241835,89.73601826162557,27.1998289725218,118.56970736493359,63.08556976128192,0.05942120137276041,0.800276514898831
C083,RandomForest,deltaq_min8,8,raw,"{""max_depth"": null, ""max_features"": 1.0, ""min_samples_leaf"": 1, ""n_estimators"": 300, ""n_jobs"": 1, ""random_state"": 42}",12.158267972475736,3.8050892381531627,94.00807407407406,23.966531510920024,115.64070031044811,20.034506030463355,0.07452008167833139,0.5393828165248482
C094,Ridge,no_ir6,6,log,"{""alpha"": 100.0}",12.169592060775381,1.2090141037776876,96.48521531773811,17.938958614731373,115.93785073833601,23.20872443378451,0.12530448332351732,0.34485325515951554
C081,RandomForest,deltaq_min8,8,raw,"{""max_depth"": 3, ""max_features"": 1.0, ""min_samples_leaf"": 1, ""n_estimators"": 300, ""n_jobs"": 1, ""random_state"": 42}",12.238077486931184,3.6776417890031876,94.58045664589179,22.75321182652164,115.67978070123308,18.73400578214396,0.0790647187633254,0.5155058752049458
C089,Ridge,no_ir6,6,raw,"{""alpha"": 100.0}",12.395204268862345,1.220179692357139,97.05675435868851,15.553046171629049,115.32534145562674,19.233891467885687,0.13665827833331765,0.2942031184372218
C069,RandomForest,deltaq_mean8,8,raw,"{""max_depth"": null, ""max_features"": 1.0, ""min_samples_leaf"": 1, ""n_estimators"": 300, ""n_jobs"": 1, ""random_state"": 42}",12.49635908809558,3.585878026166066,95.95814814814814,23.97553777623786,120.14954062117947,18.10259272581141,0.013103880937365586,0.5280956010322796
C067,RandomForest,deltaq_mean8,8,raw,"{""max_depth"": 3, ""max_features"": 1.0, ""min_samples_leaf"": 1, ""n_estimators"": 300, ""n_jobs"": 1, ""random_state"": 42}",12.595096622721831,3.421757026379084,96.5317073611916,22.68843336094026,120.32705679344495,16.93012129117547,0.014710012859825131,0.5069713538324367
C086,Ridge,no_ir6,6,raw,"{""alpha"": 0.1}",12.806179565897471,7.866835093794517,90.98022203410376,45.806356724904504,121.32401240561872,82.8510641252034,-0.053043484724755584,1.1616170114661548
C049,Ridge,no_qd_slope7,7,log,"{""alpha"": 0.1}",12.904631515920913,6.440749869905161,95.00341415788934,38.44965607445302,130.15550031686564,81.3628360791486,-0.19404489047854379,1.1854945966788633
C024,Ridge,deltaq8,8,log,"{""alpha"": 100.0}",13.198789930642135,0.5889934054014162,103.15409233613583,13.354758485531102,122.4081125276637,22.61739138718713,0.04671329150471889,0.269330175672213
C048,Linear,no_qd_slope7,7,log,{},13.218098549089618,6.579930864144594,97.18701953132427,39.300236615370856,133.34609864878811,81.77450054952075,-0.25066343921287887,1.2079244722290527
C080,Ridge,deltaq_min8,8,log,"{""alpha"": 100.0}",13.236941775983544,0.6429646778462104,103.5670731943736,14.011712423269712,123.03229126409819,23.504243505475184,0.03756357124997611,0.27747940928644854
C009,Ridge,basic7,7,log,"{""alpha"": 10.0}",13.336189264943568,1.6828927057483638,101.68250872356994,16.41151105443316,123.36496370672292,28.40488438167788,0.04812302782771075,0.22863183082612556
C031,Ridge,no_qd_change7,7,raw,"{""alpha"": 1.0}",13.355478418736752,7.429282522754558,96.40827811494601,44.46109028297012,137.89023790783128,106.57022084225588,-0.4317170464349091,1.764860579742816
C019,Ridge,deltaq8,8,raw,"{""alpha"": 100.0}",13.383965218785505,0.5190209344187601,103.47635035662135,10.169261757110528,121.34884333810186,18.396549166612242,0.06405555146136051,0.21047166941345433
C066,Ridge,deltaq_mean8,8,log,"{""alpha"": 100.0}",13.385704265544284,0.5538126996351013,104.75617342642515,13.975854929377412,124.31448900398608,23.31684167382229,0.017023401241414476,0.2804799813192375
C075,Ridge,deltaq_min8,8,raw,"{""alpha"": 100.0}",13.431220596382673,0.495864513570662,103.96700235207449,10.837564591110077,122.01553299882771,19.251588551628217,0.05442537662635586,0.21749827040905215
C061,Ridge,deltaq_mean8,8,raw,"{""alpha"": 100.0}",13.568153263097892,0.3894326417190523,105.0661820041757,10.846840938513004,123.35546870407836,18.987923366587534,0.032936525790257264,0.22048741262468927
C108,Ridge,deltaq_only1,1,log,"{""alpha"": 100.0}",13.718388681480675,1.0192098900440507,106.76165502482282,14.183941723223725,128.19390341926805,26.91045232341278,-0.05074032953956942,0.3617920671273807
C052,Ridge,no_qd_slope7,7,log,"{""alpha"": 100.0}",13.814452655618318,1.624178623860595,107.14888034877458,15.472111166466107,127.75475319747538,26.36317549839076,-0.029343172453180893,0.2667418903885548
C038,Ridge,no_qd_change7,7,log,"{""alpha"": 100.0}",13.883679081705433,1.844800807646299,107.36054347009487,16.26906348307749,128.2745444829934,27.21723870117021,-0.037036055370103536,0.2730959593146754
C085,Linear,no_ir6,6,raw,{},13.88549489681027,7.398467109014932,98.67180307221462,41.104773637175576,129.32750584609587,81.65134731003572,-0.17462060052304493,1.1940714371931662
C047,Ridge,no_qd_slope7,7,raw,"{""alpha"": 100.0}",14.020169439754605,1.5478769740131053,107.54134786639474,12.470613440543856,126.17222688160327,22.163801987314923,-0.0026836632716447464,0.19689488365271346
C012,RandomForest,basic7,7,raw,"{""max_depth"": 3, ""max_features"": 1.0, ""min_samples_leaf"": 3, ""n_estimators"": 300, ""n_jobs"": 1, ""random_state"": 42}",14.07481725128635,1.0361904209382526,105.3793041847727,2.5123360438298024,124.75687405103612,9.305621291117614,0.0118159078301903,0.08323309933874663
C014,RandomForest,basic7,7,raw,"{""max_depth"": null, ""max_features"": 1.0, ""min_samples_leaf"": 3, ""n_estimators"": 300, ""n_jobs"": 1, ""random_state"": 42}",14.07481725128635,1.0361904209382526,105.3793041847727,2.5123360438298024,124.75687405103612,9.305621291117614,0.0118159078301903,0.08323309933874663
C021,Ridge,deltaq8,8,log,"{""alpha"": 0.1}",14.079026235369511,7.778542312071513,104.47990090127098,48.7357997905285,139.42746475301922,89.2872186495009,-0.38402518903206145,1.397205089324352
C033,Ridge,no_qd_change7,7,raw,"{""alpha"": 100.0}",14.103386502040733,1.7788697026550555,107.83113957733286,13.344979731038862,126.77204350616289,23.094477850836896,-0.011164657545794024,0.20148441939637365
C103,Ridge,deltaq_only1,1,raw,"{""alpha"": 100.0}",14.113651515664683,1.364154866364098,108.24999535360085,10.725193362009065,128.32020514483665,22.577138704860317,-0.04458747635725513,0.26262573792815436
C004,Ridge,basic7,7,raw,"{""alpha"": 10.0}",14.134479585508567,2.713594943811642,104.7177897147124,18.38068668969794,127.90154256303178,34.71908222007411,-0.024227784771680933,0.32705694702646143
C077,Ridge,deltaq_min8,8,log,"{""alpha"": 0.1}",14.271991781300235,6.559055922624276,105.72986657466788,41.245634852752744,138.63265102940628,80.99181877952117,-0.3367324701097341,1.2238026911878648
C010,Ridge,basic7,7,log,"{""alpha"": 100.0}",14.449340384687517,0.7828835466135914,112.22837279549191,13.731413240139632,135.16991431654597,21.910292775491392,-0.1557857328293155,0.2403635782157655
C013,RandomForest,basic7,7,raw,"{""max_depth"": null, ""max_features"": 1.0, ""min_samples_leaf"": 1, ""n_estimators"": 300, ""n_jobs"": 1, ""random_state"": 42}",14.475115037358547,1.6750648635372416,109.62181481481481,8.15631097798186,130.27992835332094,5.700393226428046,-0.09219206496679096,0.22520175634581824
C005,Ridge,basic7,7,raw,"{""alpha"": 100.0}",14.596626954378962,0.739093806050729,112.22554460942776,10.678550180184372,133.3995833040038,16.944370293507472,-0.12789359462534478,0.1813516689748798
C063,Ridge,deltaq_mean8,8,log,"{""alpha"": 0.1}",14.597811864764578,6.124638777739787,108.17339855936181,37.38552562452991,144.94374559876226,81.51504688417499,-0.4417445912838572,1.2814596002655563
C011,RandomForest,basic7,7,raw,"{""max_depth"": 3, ""max_features"": 1.0, ""min_samples_leaf"": 1, ""n_estimators"": 300, ""n_jobs"": 1, ""random_state"": 42}",14.631700702781059,1.3402043254497342,111.04269598124786,8.263080372318544,131.20904646964036,3.6119570000950905,-0.1055566501221488,0.19875214935550609
C008,Ridge,basic7,7,log,"{""alpha"": 1.0}",15.13884348597779,8.343248594160617,111.89850816829369,51.87749963067992,160.54780386954246,113.37656649697303,-0.8644684080562803,2.1176625433600225
C000,Dummy,basic7,7,raw,{},15.591017117300025,1.5967051053167827,118.94424951267058,11.665289829693764,142.50341921647535,20.594687119111693,-0.28834658740228214,0.25772282539646846
C030,Ridge,no_qd_change7,7,raw,"{""alpha"": 0.1}",15.783456480190827,9.73490486824697,112.27151263027008,59.33683748494115,174.7756674278296,155.19182344935007,-1.4837129965625364,3.3824852168921695
C020,Linear,deltaq8,8,log,{},15.91383493340109,8.030525294252376,118.5414536282152,50.69650031430934,154.82651448571525,88.63763886842123,-0.6917665893041582,1.4387695171414783
C076,Linear,deltaq_min8,8,log,{},16.07788077374273,7.051114891944735,119.57464296863752,44.92070017980751,154.163410720247,81.62984415672403,-0.6497368692169171,1.2970747779358687
C029,Linear,no_qd_change7,7,raw,{},16.20425860715504,10.122198522435738,115.07088297433263,61.87417567846747,181.57973134280635,163.39201475618702,-1.7042751015535214,3.7092252101255276
C062,Linear,deltaq_mean8,8,log,{},16.291540695163043,6.505883315665496,121.24481318987726,40.24969107820642,159.87370605825515,80.97652766371479,-0.743827423484488,1.337034911746867
C073,Ridge,deltaq_min8,8,raw,"{""alpha"": 1.0}",16.411954960700374,10.502743325053801,115.50226757761622,62.53714253967493,166.052099834934,136.3306545221528,-1.1435361635880843,2.76711840655123
C003,Ridge,basic7,7,raw,"{""alpha"": 1.0}",16.470345650749127,10.133322460574972,117.38845256954444,58.08986630243453,158.2147408892241,107.49025439626655,-0.7837302318297263,1.948496156752289
C045,Ridge,no_qd_slope7,7,raw,"{""alpha"": 1.0}",16.68637378810327,12.875308354265606,117.78734200840238,78.69474779598315,181.3492484925374,178.08046235180822,-1.8382873748852475,4.157107114068032
C017,Ridge,deltaq8,8,raw,"{""alpha"": 1.0}",16.736059914351685,12.94258775479705,118.23800239179404,79.1751163179763,181.84353475897035,178.69876576462698,-1.8547656859446695,4.183826945739742
C059,Ridge,deltaq_mean8,8,raw,"{""alpha"": 1.0}",17.24855963881832,11.056403205702447,121.23090278740627,65.02180746323975,176.0384372170903,144.9131935328134,-1.4099863341325367,3.1217385324081786
C007,Ridge,basic7,7,log,"{""alpha"": 0.1}",20.13894276959923,12.796659870502339,147.1034333752187,80.79630719610576,234.6276141453354,211.79001658185877,-3.511843382686594,6.237004186885088
C002,Ridge,basic7,7,raw,"{""alpha"": 0.1}",20.31326743483789,11.95591625397469,144.22974244272567,68.26491194681539,195.1004161903178,132.9523723214049,-1.7444103392861345,2.9957490252096766
C044,Ridge,no_qd_slope7,7,raw,"{""alpha"": 0.1}",20.4826492043737,16.991992058383726,142.55995188003274,104.87910960230293,230.79225226494486,240.9395944107906,-3.8236021103775237,7.253355666177643
C043,Linear,no_qd_slope7,7,raw,{},21.104990258626295,17.582443317275985,146.70261461614518,108.63664563517982,239.27471970651607,249.93590894917614,-4.1917776971360015,7.7892870924518585
C006,Linear,basic7,7,log,{},21.83645692290465,13.259674348863856,159.9019590752922,83.26747112303285,258.73920580967774,223.64016271061837,-4.377853277063266,7.129056698863712
C001,Linear,basic7,7,raw,{},21.840289866135848,11.843964391767766,155.87356726765168,66.90873853233335,212.26696316488975,129.99972420571552,-2.1789612944011707,3.03806711684502
C072,Ridge,deltaq_min8,8,raw,"{""alpha"": 0.1}",22.28068699622234,16.8888841883163,155.34020026613442,104.68243843531492,234.18395500201277,222.6498747832623,-3.6672121195027714,6.588585811855076
C058,Ridge,deltaq_mean8,8,raw,"{""alpha"": 0.1}",23.0726091666108,17.359029803801878,160.47872689032292,106.11658686180368,247.8757144270344,236.80414574874584,-4.235551218146542,7.451792543983837
C016,Ridge,deltaq8,8,raw,"{""alpha"": 0.1}",23.54675921090298,21.427719234930265,164.37210190385267,135.15845320757722,267.0764617599752,296.658444176715,-5.778496921648636,10.526488341656467
C071,Linear,deltaq_min8,8,raw,{},25.246819419515074,18.702156586366986,176.76137906181495,116.12015381889204,264.1847410097676,247.00282156442913,-4.9047446952838785,8.125874107096914
C057,Linear,deltaq_mean8,8,raw,{},26.022063045774477,19.327830131310098,181.7340075216995,118.4906478963779,279.59894766389317,264.3003366266695,-5.639342370196997,9.292418394991628
C015,Linear,deltaq8,8,raw,{},26.77036584735323,23.486173300903737,187.54080187132567,148.10765413943525,302.2468976391892,328.2071102651908,-7.555162507231998,13.00236801475346
