candidate_id,family,feature_set,fold,train_n,valid_n,train_fit_mape_pct,mape_pct,mae_cycles,rmse_cycles,r2
C000,Dummy,basic7,1,18,10,14.224003769173887,17.355634781850863,122.4,149.21729122323592,-0.13582244567734736
C000,Dummy,basic7,2,19,9,15.093427755093627,15.171375083931803,105.94152046783626,119.38960897799066,-0.14330943916616667
C000,Dummy,basic7,3,19,9,13.783856687752339,14.246041486117406,128.49122807017545,158.9033574481995,-0.5859078773633324
C001,Linear,basic7,1,18,10,7.083083589590039,35.03301333825327,229.3156034593109,360.018566135845,-5.611833960228503
C001,Linear,basic7,2,19,9,7.054650764144404,18.365390616579948,139.92464059289503,161.34821197331985,-1.0881372628504757
C001,Linear,basic7,3,19,9,6.3504936580739235,12.122465643574325,98.38045775074912,115.43411138550441,0.1630873398754672
C002,Ridge,basic7,1,18,10,7.107285412705183,34.029193627924975,222.6120544244036,348.42398397258916,-5.192816728629096
C002,Ridge,basic7,2,19,9,7.460735682682529,14.815069013301352,112.26756144227338,125.16514534651243,-0.25660141801971426
C002,Ridge,basic7,3,19,9,6.58964320490784,12.095539663287342,97.80961146149997,111.7121192518518,0.2161871287904067
C003,Ridge,basic7,1,18,10,7.482300137651316,28.028536481724046,182.27377261622524,281.0172039553711,-3.0284498337465973
C003,Ridge,basic7,2,19,9,8.45518465374816,9.113152448028995,70.21982911882277,81.19873786119103,0.4711539233284706
C003,Ridge,basic7,3,19,9,7.358342519503515,12.269348022494336,99.67175597358535,112.42828085111009,0.2061052149289475
C004,Ridge,basic7,1,18,10,9.610587768111301,17.154653773394667,117.71562529867728,163.38683060183357,-0.361777768068557
C004,Ridge,basic7,2,19,9,9.616646293936567,11.901545049016253,83.68815116345579,94.00308164052385,0.2912143578700134
C004,Ridge,basic7,3,19,9,8.91571545978415,13.347239934114786,112.7495926820041,126.31471544673789,-0.002119944116499184
C005,Ridge,basic7,1,18,10,13.187672512300164,15.344190789155821,112.6649297513193,140.25128118744945,-0.0034270801521081307
C005,Ridge,basic7,2,19,9,13.125359242109827,14.579385201408012,101.33408369984527,114.10230211030738,-0.044286209648837005
C005,Ridge,basic7,3,19,9,12.21971056022718,13.866304872573057,122.67762037711873,145.84516661425462,-0.3359674940750892
C006,Linear,basic7,1,18,10,7.1270660696463555,36.82757455795855,253.84169197361848,516.1710347959495,-12.591250077146498
C006,Linear,basic7,2,19,9,6.412779661056302,17.036961509101754,130.67939339183553,147.6744228898733,-0.7492073520706448
C006,Linear,basic7,3,19,9,6.326224402521202,11.644834701653647,95.18479186042258,112.37215974321039,0.20689759802734597
C007,Ridge,basic7,1,18,10,7.124574987279147,34.85687303660139,240.16660267862585,479.13474906695006,-10.710824729149325
C007,Ridge,basic7,2,19,9,6.8587341699406235,13.916375600312799,106.27080879808364,116.52216108284334,-0.08904992840151871
C007,Ridge,basic7,3,19,9,6.40900730722379,11.643579671883503,94.87288864894666,108.22593228621285,0.2643445094910617
C008,Ridge,basic7,1,18,10,7.289265956379467,24.62766490668713,169.59928099131656,290.57128313172797,-3.307026317119967
C008,Ridge,basic7,2,19,9,7.936250438501736,8.951692972894024,69.11109984926472,82.31990136643736,0.45644885839854665
C008,Ridge,basic7,3,19,9,7.079474707943163,11.837172578352215,96.98514366429977,108.75222711046209,0.2571722345525794
C009,Ridge,basic7,1,18,10,9.519997243280114,15.046969711835159,108.93560170347678,149.96362260545166,-0.14721281303245437
C009,Ridge,basic7,2,19,9,9.563126358618192,11.682644572763113,82.89409636036724,93.44573758715339,0.2995942187805468
C009,Ridge,basic7,3,19,9,8.95189052960036,13.278953510232435,113.21782810686582,126.68553092756372,-0.008012322264960181
C010,Ridge,basic7,1,18,10,13.032783762962763,15.35096268685337,113.25641262792188,144.60251522595493,-0.06665466574262857
C010,Ridge,basic7,2,19,9,12.777310942428159,13.941832093146411,98.01183266769961,110.12308362845573,0.027280869743219527
C010,Ridge,basic7,3,19,9,11.846786624354921,14.055226374062766,125.41687309085425,150.7841440952273,-0.4279834024885374
C011,RandomForest,basic7,1,18,10,5.917623050746461,14.466637785784869,101.72664866799875,135.2948518953864,0.0662412463758778
C011,RandomForest,basic7,2,19,9,5.607598902781103,16.046791093945437,117.48592105014329,128.44096868290993,-0.3232377251660101
C011,RandomForest,basic7,3,19,9,5.894118287506965,13.381673228612867,113.91551822560155,129.89131883062473,-0.059673471576314085
C012,RandomForest,basic7,1,18,10,7.942612427207571,14.81300063564126,103.03895036630043,134.64304714681148,0.07521664046461185
C012,RandomForest,basic7,2,19,9,7.8662111879634375,14.521203674536245,105.06493052215285,116.1679304360136,-0.08243850832871824
C012,RandomForest,basic7,3,19,9,8.543962518713526,12.890247443681545,108.03403166586487,123.45964457028329,0.042669591354677294
C013,RandomForest,basic7,1,18,10,5.327731265913318,14.50673936495084,102.32433333333333,136.201514329157,0.05368436515823116
C013,RandomForest,basic7,2,19,9,5.075197600862811,16.134143828245946,118.42666666666668,129.8082311016077,-0.3515595733598458
C013,RandomForest,basic7,3,19,9,4.934180712892032,12.784461918878856,108.11444444444446,124.83003962919808,0.02129901330124173
C014,RandomForest,basic7,1,18,10,7.942612427207571,14.81300063564126,103.03895036630043,134.64304714681148,0.07521664046461185
C014,RandomForest,basic7,2,19,9,7.8662111879634375,14.521203674536245,105.06493052215285,116.1679304360136,-0.08243850832871824
C014,RandomForest,basic7,3,19,9,8.543962518713526,12.890247443681545,108.03403166586487,123.45964457028329,0.042669591354677294
C015,Linear,deltaq8,1,18,10,5.680205667502453,53.460859682361004,355.55452217914865,679.4692125304682,-22.551127812380738
C015,Linear,deltaq8,2,19,9,4.747027988966333,17.586067193483775,131.18208009832594,145.21739768133344,-0.6914845260618692
C015,Linear,deltaq8,3,19,9,5.525054077289423,9.264170666214904,75.8858033365024,82.05408270576605,0.5771248167466154
C016,Ridge,deltaq8,1,18,10,5.766204855459358,48.16742038473533,319.821709524684,609.1479169148258,-17.928564088470655
C016,Ridge,deltaq8,2,19,9,4.994575681410157,13.361148401630151,98.66279189777225,111.74335108329083,-0.0015534056915831318
C016,Ridge,deltaq8,3,19,9,5.591549870188939,9.111708846343461,74.6318042891017,80.338117281809,0.5946267292163312
C017,Ridge,deltaq8,1,18,10,6.277474268462094,31.680104903239897,209.60639439272808,388.15739436491987,-6.685778616196297
C017,Ridge,deltaq8,2,19,9,5.7677422455263505,9.395252198748695,69.80394251509301,75.65471005784508,0.5409048848447234
C017,Ridge,deltaq8,3,19,9,5.765875829820512,9.132822641066458,75.303670267561,81.71849985414607,0.5805766735175654
C018,Ridge,deltaq8,1,18,10,7.988050758513405,14.36420283031303,99.65715861140784,130.16390961083295,0.13572229054089602
C018,Ridge,deltaq8,2,19,9,7.392432137717364,7.9791144952559065,59.7425419354811,64.39432754471034,0.6673971593486018
C018,Ridge,deltaq8,3,19,9,7.335705788004993,10.003318567666371,85.03478303816689,103.91045819125296,0.3218428748774427
C019,Ridge,deltaq8,1,18,10,12.382253384311905,13.924570549197007,102.65252764451563,125.95594940304896,0.19070004805208574
C019,Ridge,deltaq8,2,19,9,11.866858723389699,13.337698572810869,93.7440578607746,101.08661687134237,0.18036960862273943
C019,Ridge,deltaq8,3,19,9,11.354022427423882,12.889626534348636,114.03246556457381,137.00396373991424,-0.17890300229074363
C020,Linear,deltaq8,1,18,10,5.274019624884631,24.43626822322654,171.18720196575083,251.61078177790887,-2.229465410151102
C020,Linear,deltaq8,2,19,9,4.305819238653691,14.817335434930273,114.38734195545544,135.26553114104712,-0.4675909121650834
C020,Linear,deltaq8,3,19,9,5.15293524170211,8.487901142046455,70.0498169634393,77.60323053818972,0.6217565544037105
C021,Ridge,deltaq8,1,18,10,5.416373753279771,22.945770850385657,160.1255348683428,241.5601940387536,-1.976616485032081
C021,Ridge,deltaq8,2,19,9,4.564109231851175,10.88716528493736,83.92693580924396,100.5630106428905,0.18883862470388424
C021,Ridge,deltaq8,3,19,9,5.1490898992544265,8.404142570785519,69.3872320262262,76.15918957741358,0.6357022932320124
C022,Ridge,deltaq8,1,18,10,5.962083031796902,17.506996140132642,121.36231986586435,197.72906523581838,-0.9944041515091648
C022,Ridge,deltaq8,2,19,9,5.424297070764337,7.767968313287915,60.15133053325107,67.94895598566677,0.6296636805457987
C022,Ridge,deltaq8,3,19,9,5.310258461116748,8.541084030371703,71.11847518170845,76.57141775938189,0.6317479390346368
C023,Ridge,deltaq8,1,18,10,7.8481980984618875,10.999239998589369,80.99537843184004,97.21166127756689,0.517931368062402
C023,Ridge,deltaq8,2,19,9,7.325645011888204,8.190359165076881,61.21270139822276,65.62398080861036,0.6545733247603811
C023,Ridge,deltaq8,3,19,9,7.364560698625877,9.742740999209158,83.76441109273574,102.60678143927987,0.33875265816755484
C024,Ridge,deltaq8,1,18,10,12.220301007956197,13.837313550370997,102.56204776134769,127.97977028579132,0.1644839525300963
C024,Ridge,deltaq8,2,19,9,11.583134491610735,12.676725453407126,90.10520223629548,97.5255901056526,0.2370994938209101
C024,Ridge,deltaq8,3,19,9,11.052805446420754,13.082330788148283,116.79502701076434,141.7189771915472,-0.26144357183684974
C025,RandomForest,deltaq8,1,18,10,4.726066001749282,9.46292902785677,69.86696602656602,98.84153656198785,0.5016308860201284
C025,RandomForest,deltaq8,2,19,9,4.636817805149267,15.137389427211517,111.10232701352147,131.17628256062565,-0.38019791732231223
C025,RandomForest,deltaq8,3,19,9,4.369788362576927,7.629077495873579,67.00798981882328,95.72843247796598,0.4244358908980488
C026,RandomForest,deltaq8,1,18,10,6.394564306459014,9.927710382814748,73.89256816979321,99.80148990692,0.4919035124989004
C026,RandomForest,deltaq8,2,19,9,6.606638776972409,12.983561935351473,93.99647812783938,108.35658137152535,0.05823766161066113
C026,RandomForest,deltaq8,3,19,9,6.45613712323043,7.452913711992054,64.9026283870449,92.39537719704282,0.46381792021884216
C027,RandomForest,deltaq8,1,18,10,4.085525157470413,9.309347010520492,68.88500000000002,99.467473192664,0.49529882696261773
C027,RandomForest,deltaq8,2,19,9,4.264816986555668,14.806087527604783,109.1451851851852,129.38087838377828,-0.34267505377068175
C027,RandomForest,deltaq8,3,19,9,3.9284270425334467,7.571177160887641,66.35851851851852,93.8580173045738,0.4467077833279315
C028,RandomForest,deltaq8,1,18,10,6.394564306459014,9.927710382814748,73.89256816979321,99.80148990692,0.4919035124989004
C028,RandomForest,deltaq8,2,19,9,6.606638776972409,12.983561935351473,93.99647812783938,108.35658137152535,0.05823766161066113
C028,RandomForest,deltaq8,3,19,9,6.45613712323043,7.452913711992054,64.9026283870449,92.39537719704282,0.46381792021884216
C029,Linear,no_qd_change7,1,18,10,6.603742394785633,27.7578073766155,186.07908137563328,369.96904643122576,-5.982371042604717
C029,Linear,no_qd_change7,2,19,9,5.657592675817315,11.958998522512893,86.40713725438782,96.27607804295603,0.25652304764894174
C029,Linear,no_qd_change7,3,19,9,5.651101396878494,8.89596992233673,72.72643029297683,78.49406955423733,0.6130226902952098
C030,Ridge,no_qd_change7,1,18,10,6.602709919431418,26.925762461908487,180.53487387048054,353.81519451600735,-5.385943949592011
C030,Ridge,no_qd_change7,2,19,9,5.63608281567207,11.498824321325268,83.23349639405549,91.82384652702724,0.32369641046286035
C030,Ridge,no_qd_change7,3,19,9,5.66676323787509,8.925782657338722,73.04616762627421,78.68796124045427,0.6111085494415418
C031,Ridge,no_qd_change7,1,18,10,6.579237319793542,21.933786556707183,147.49619452504535,260.7972209705308,-2.469589234532245
C031,Ridge,no_qd_change7,2,19,9,5.948607759149597,9.005407025212191,66.47033005937928,71.18154836059722,0.5935888721545355
C031,Ridge,no_qd_change7,3,19,9,5.768225074332442,9.12724167429088,75.25830976041341,81.69194439236577,0.5808492230729825
C032,Ridge,no_qd_change7,1,18,10,8.186615307478105,8.911135760800663,64.97575850454876,81.143463094322,0.6641238079552361
C032,Ridge,no_qd_change7,2,19,9,7.596599734330075,7.552047309058911,56.67743318815998,61.732570994233434,0.6943253254500659
C032,Ridge,no_qd_change7,3,19,9,7.3920899669398885,9.974693287275855,84.70819920307642,103.50404633361758,0.32713728162595235
C033,Ridge,no_qd_change7,1,18,10,12.568141934442565,16.156182048780916,115.768354833185,141.52197685775488,-0.021691818991498746
C033,Ridge,no_qd_change7,2,19,9,12.242717001598379,13.13944072212834,92.42404671277956,100.15689734067679,0.19537697814931765
C033,Ridge,no_qd_change7,3,19,9,11.559761768977923,13.014536735212944,115.30101718603402,138.637256320057,-0.20717913179520098
C034,Linear,no_qd_change7,1,18,10,6.189432250808177,16.346111768091333,111.88968704485642,200.72371945214053,-1.0552730849952163
C034,Linear,no_qd_change7,2,19,9,5.411060271697788,9.508665732181193,71.75644941336435,81.10806654146323,0.4723343455963014
C034,Linear,no_qd_change7,3,19,9,5.171932374143197,8.271477988255294,68.17011045586632,75.36368633471126,0.6432729223074589
C035,Ridge,no_qd_change7,1,18,10,6.196859569170774,15.946342398480512,109.32700611471444,196.35226602324948,-0.9667265397181761
C035,Ridge,no_qd_change7,2,19,9,5.3936753757843015,9.104812874866965,68.85962901219919,77.44323738028946,0.5189416817932979
C035,Ridge,no_qd_change7,3,19,9,5.182089015020421,8.310371454364166,68.57910571761468,75.21720188400688,0.6446583159513983
C036,Ridge,no_qd_change7,1,18,10,6.249661503259512,14.200362059210661,98.19398366468003,164.26848935777454,-0.3765141168442201
C036,Ridge,no_qd_change7,2,19,9,5.677480287604471,7.208258759747749,55.510827747364225,62.113363017410016,0.6905426391680921
C036,Ridge,no_qd_change7,3,19,9,5.296241779953125,8.579440453349035,71.43111090961973,76.82923008742615,0.6292639899833907
C037,Ridge,no_qd_change7,1,18,10,8.031764977965567,7.263306869530192,56.03862080804636,72.82775309772487,0.7294385203026044
C037,Ridge,no_qd_change7,2,19,9,7.551139055127548,7.681862061476746,57.52237312307821,62.64972127900702,0.6851751422167003
C037,Ridge,no_qd_change7,3,19,9,7.3990047465057165,9.740251714387083,83.64343765679496,102.1600144192075,0.3444984839059565
C038,Ridge,no_qd_change7,1,18,10,12.39889083595062,15.967615139396123,115.19190210949023,144.28181219789127,-0.0619286062460882
C038,Ridge,no_qd_change7,2,19,9,11.955097918698916,12.459352712445135,88.65686925547377,96.84862171638427,0.24765399626335616
C038,Ridge,no_qd_change7,3,19,9,11.308061165835825,13.224069393275045,118.23285904532061,143.69319953470466,-0.29683355612757856
C039,RandomForest,no_qd_change7,1,18,10,4.595818647553942,9.721652126383413,71.95318817386318,98.82233799869236,0.5018244694485301
C039,RandomForest,no_qd_change7,2,19,9,4.518695142142723,14.554648153987722,107.30161507936522,127.69276027280938,-0.30786608932985926
C039,RandomForest,no_qd_change7,3,19,9,4.335869049783223,6.955831327026051,61.53082500935285,92.99817236736318,0.45679890485567964
C040,RandomForest,no_qd_change7,1,18,10,6.411810814993735,10.000260089236235,74.4141664983165,99.77688850815024,0.49215397656877924
C040,RandomForest,no_qd_change7,2,19,9,6.605105682344369,13.055370796186377,94.49615993266005,108.44588283250539,0.056684725790279944
C040,RandomForest,no_qd_change7,3,19,9,6.463168638367524,7.2467491544935845,63.4775946769278,91.50151055648479,0.4741421798687102
C041,RandomForest,no_qd_change7,1,18,10,4.0774930298373455,9.802776451446055,72.67066666666668,100.15075764954442,0.48834099578550394
C041,RandomForest,no_qd_change7,2,19,9,4.105329899512055,14.674547223937656,108.31444444444443,128.56788631442157,-0.3258541048914487
C041,RandomForest,no_qd_change7,3,19,9,3.792559465751847,6.897386827360681,60.79703703703704,90.30948623319537,0.4877540273592761
C042,RandomForest,no_qd_change7,1,18,10,6.411810814993735,10.000260089236235,74.4141664983165,99.77688850815024,0.49215397656877924
C042,RandomForest,no_qd_change7,2,19,9,6.605105682344369,13.055370796186377,94.49615993266005,108.44588283250539,0.056684725790279944
C042,RandomForest,no_qd_change7,3,19,9,6.463168638367524,7.2467491544935845,63.4775946769278,91.50151055648479,0.4741421798687102
C043,Linear,no_qd_slope7,1,18,10,6.271807579902568,41.25557885087853,271.4014950927569,527.2103722149379,-13.178818224488063
C043,Linear,no_qd_slope7,2,19,9,5.572070759575669,13.176239124090106,96.16683937958251,112.27019481621595,-0.011019848778383246
C043,Linear,no_qd_slope7,3,19,9,5.658110547335625,8.883152800910247,72.5395093760961,78.34359208839427,0.6145049818584443
C044,Ridge,no_qd_slope7,1,18,10,6.267871688032351,39.9903200958261,263.1722269250568,508.57183408926755,-12.19400825725347
C044,Ridge,no_qd_slope7,2,19,9,5.48928447712834,12.549768564583463,91.69505168741901,105.3473896145703,0.10981906870077951
C044,Ridge,no_qd_slope7,3,19,9,5.675213490675817,8.907858952711539,72.81257702762235,78.45753309099683,0.613382857420119
C045,Ridge,no_qd_slope7,1,18,10,6.294546730865121,31.5521246912566,208.61541909885514,386.9593127198309,-6.638406186967251
C045,Ridge,no_qd_slope7,2,19,9,5.805685835315638,9.42857769415826,70.01562670172854,76.0891832284089,0.5356167208463121
C045,Ridge,no_qd_slope7,3,19,9,5.783956681371503,9.078418978894957,74.73098022462338,80.99924952937239,0.5879273414651959
C046,Ridge,no_qd_slope7,1,18,10,8.102942967311279,11.656007148625218,83.09681216456066,102.49432019872133,0.46411482627371736
C046,Ridge,no_qd_slope7,2,19,9,7.499665980430503,7.710726151441394,57.979985397312085,62.31247624465085,0.688555439894722
C046,Ridge,no_qd_slope7,3,19,9,7.440414066481598,9.911474685362037,83.99511019575395,102.28674928983881,0.3428711068993159
C047,Ridge,no_qd_slope7,1,18,10,12.600494024846615,15.803372043231443,114.1217170880415,139.4280739613411,0.008317614406128104
C047,Ridge,no_qd_slope7,2,19,9,12.286121589351144,13.233755983773394,93.1588120501877,100.58524199413965,0.18847994000202972
C047,Ridge,no_qd_slope7,3,19,9,11.610644419105316,13.023380292258983,115.34351446095499,138.50336468932903,-0.20484854422309207
C048,Linear,no_qd_slope7,1,18,10,5.924956463189654,20.66936942941667,141.76294160788933,226.79496046714502,-1.6238496336979944
C048,Linear,no_qd_slope7,2,19,9,5.1272435271408545,10.77870254150279,82.2644489302239,98.34990753779762,0.22414843349253888
C048,Linear,no_qd_slope7,3,19,9,5.189258872248813,8.206223676349394,67.53366805585952,74.89342794142175,0.647710882566819
C049,Ridge,no_qd_slope7,1,18,10,5.923275712752266,20.253359701119358,139.00812204799587,223.55439079328823,-1.5494033457203114
C049,Ridge,no_qd_slope7,2,19,9,5.067767541864686,10.220421164786032,78.10648035945674,92.25358531004973,0.31735134911209206
C049,Ridge,no_qd_slope7,3,19,9,5.206956288785353,8.240113681857352,67.89564006621545,74.65852484725895,0.6499173251725879
C050,Ridge,no_qd_slope7,1,18,10,5.983828944645478,17.420454388290757,120.58943405485297,197.11122829129033,-0.9819599371584071
C050,Ridge,no_qd_slope7,2,19,9,5.4342772358015585,7.787674482533356,60.27447278841539,68.07448747015529,0.6282940697867486
C050,Ridge,no_qd_slope7,3,19,9,5.328596728796312,8.479449935390521,70.45470611335594,75.75391829929967,0.6395691036871481
C051,Ridge,no_qd_slope7,1,18,10,7.98170657675798,9.064085301310298,68.70502924589837,84.05180486803853,0.6396153951298447
C051,Ridge,no_qd_slope7,2,19,9,7.436942314203736,7.883245631423179,59.19417063655495,63.338365742718985,0.6782160070549179
C051,Ridge,no_qd_slope7,3,19,9,7.45195340329705,9.66567408779575,82.80884826148991,100.61454559275616,0.3641812225823504
C052,Ridge,no_qd_slope7,1,18,10,12.436498030990194,15.650102442902567,113.73814435005087,142.46170493016254,-0.03530525421352282
C052,Ridge,no_qd_slope7,2,19,9,11.996864007396471,12.563838645510273,89.47292629873505,97.31889876200988,0.2403297810787839
C052,Ridge,no_qd_slope7,3,19,9,11.3473359357825,13.229416878442118,118.23557039753781,143.4836559002537,-0.29305404422480374
C053,RandomForest,no_qd_slope7,1,18,10,4.677378518640915,9.70778498705825,71.70668235375737,99.67586362945598,0.49318185206741827
C053,RandomForest,no_qd_slope7,2,19,9,4.595427929816695,14.611572016120109,107.8551457965903,128.65102315739378,-0.3275693537962161
C053,RandomForest,no_qd_slope7,3,19,9,4.204192321404813,7.483606001256221,65.57234927315488,93.93464113225556,0.44580402094182103
C054,RandomForest,no_qd_slope7,1,18,10,6.367644363126515,10.118078416916239,75.41162869167866,101.04169699683737,0.4791970851756804
C054,RandomForest,no_qd_slope7,2,19,9,6.646793227775039,12.865847640489712,93.15595755170777,107.20754552084782,0.07810505073558172
C054,RandomForest,no_qd_slope7,3,19,9,6.315360585742656,7.534902608094909,65.60652912725114,92.53512335824286,0.46219476429418804
C055,RandomForest,no_qd_slope7,1,18,10,4.1498281559527594,9.710690161613899,71.91666666666666,100.93642839816444,0.4802816994650999
C055,RandomForest,no_qd_slope7,2,19,9,4.1463136301384536,14.60184819472104,108.04407407407409,128.55235523242064,-0.3255337962101077
C055,RandomForest,no_qd_slope7,3,19,9,3.6861919277714117,7.482581717708217,65.19518518518518,91.8953255638927,0.4696059410508552
C056,RandomForest,no_qd_slope7,1,18,10,6.367644363126515,10.118078416916239,75.41162869167866,101.04169699683737,0.4791970851756804
C056,RandomForest,no_qd_slope7,2,19,9,6.646793227775039,12.865847640489712,93.15595755170777,107.20754552084782,0.07810505073558172
C056,RandomForest,no_qd_slope7,3,19,9,6.315360585742656,7.534902608094909,65.60652912725114,92.53512335824286,0.46219476429418804
C057,Linear,deltaq_mean8,1,18,10,6.308421188451967,47.76775378283908,314.6375561347883,583.0603355100767,-16.34199830462328
C057,Linear,deltaq_mean8,2,19,9,6.249757727595865,19.49763329223756,143.4339421053745,155.9406156973943,-0.9505146592450673
C057,Linear,deltaq_mean8,3,19,9,6.0785427240848495,10.800802062246802,87.13052432493572,99.79589178420854,0.3744858532773577
C058,Ridge,deltaq_mean8,1,18,10,6.444595239653466,42.88554239893264,281.76768873871094,520.6787178035142,-12.82966933902312
C058,Ridge,deltaq_mean8,2,19,9,6.4505306081104035,15.797049861236296,114.91638134225943,127.60165690619138,-0.30600054113470554
C058,Ridge,deltaq_mean8,3,19,9,6.192420333378192,10.535235239663464,84.75211058999832,95.34676857139762,0.4290162257182002
C059,Ridge,deltaq_mean8,1,18,10,6.77556256062163,29.993491399744954,196.3060546163045,343.3602871922509,-5.0141225032568615
C059,Ridge,deltaq_mean8,2,19,9,6.658351010130592,11.52346355534894,84.48492600606285,90.83396095209127,0.33819928083750617
C059,Ridge,deltaq_mean8,3,19,9,6.512588696352218,10.228723961361066,82.90172773985151,93.92106350692875,0.4459642200217453
C060,Ridge,deltaq_mean8,1,18,10,8.157066245843122,15.018183365702525,102.90364096647131,139.5569167059339,0.006483979155130881
C060,Ridge,deltaq_mean8,2,19,9,7.889895096075309,8.463500665939145,63.671643305703114,67.32443156998114,0.6364399788641542
C060,Ridge,deltaq_mean8,3,19,9,7.7624823804089385,11.316435323019634,95.81252895456595,111.4593442634019,0.2197302382547327
C061,Ridge,deltaq_mean8,1,18,10,12.524197482453273,13.973626524125592,103.34735339183017,128.17973366956807,0.16187099053006537
C061,Ridge,deltaq_mean8,2,19,9,12.097748898483292,13.533795248744035,95.18138021533073,102.42075312845841,0.1585919563977699
C061,Ridge,deltaq_mean8,3,19,9,11.524231242821433,13.197038016424056,116.66981240536623,139.4659193142086,-0.2216533695570635
C062,Linear,deltaq_mean8,1,18,10,5.868544983475987,22.989653992647135,161.54037773548157,249.7670973311621,-2.182310827660846
C062,Linear,deltaq_mean8,2,19,9,5.585862158322374,15.88832457292693,121.15290886730025,137.21112329542564,-0.5101127311103417
C062,Linear,deltaq_mean8,3,19,9,5.7451379478978435,9.996643519915063,81.04115296684996,92.64289754817776,0.4609412883177231
C063,Ridge,deltaq_mean8,1,18,10,6.010351141695436,21.49297554694433,150.37393116590746,238.4068929609497,-1.8994108428654513
C063,Ridge,deltaq_mean8,2,19,9,5.82565774877272,12.511750682627747,94.94801714510747,107.86530262199308,0.06675802966748745
C063,Ridge,deltaq_mean8,3,19,9,5.7678018305468965,9.788709364721655,79.19824736707054,88.55904121334402,0.5074190393463921
C064,Ridge,deltaq_mean8,1,18,10,6.372350272976865,17.481145693301364,120.74250634824621,191.18927894680724,-0.8646581067313399
C064,Ridge,deltaq_mean8,2,19,9,6.13427175261371,9.11592296550532,69.89930349208139,77.30134521032,0.5207028653164945
C064,Ridge,deltaq_mean8,3,19,9,6.07127836010945,9.611022133044596,78.56624494454914,87.21849793767353,0.5222188455331267
C065,Ridge,deltaq_mean8,1,18,10,8.084262787573314,11.48747164123421,83.98031883887646,103.41683865118914,0.45442475240796487
C065,Ridge,deltaq_mean8,2,19,9,7.573133430881497,8.598477398641908,64.66733876072516,68.48136467425955,0.6238374621034903
C065,Ridge,deltaq_mean8,3,19,9,7.779226788768272,11.077209738896745,94.78908900809549,110.14777994331644,0.23798537627786798
C066,Ridge,deltaq_mean8,1,18,10,12.36563221567558,13.948195469810662,103.67633093420503,130.33614738676613,0.13343348774871788
C066,Ridge,deltaq_mean8,2,19,9,11.798241061586992,12.840998533373666,91.35156254875996,98.57746725020417,0.22055398555948147
C066,Ridge,deltaq_mean8,3,19,9,11.20609648485518,13.367918793448524,119.24062679631045,144.02985237498797,-0.30291726958395593
C067,RandomForest,deltaq_mean8,1,18,10,4.7310536396188425,10.988991004054213,79.61633797776288,112.13773450327204,0.35853096225285563
C067,RandomForest,deltaq_mean8,2,19,9,4.558660983988472,16.524447515066576,122.31474103468547,139.79475463446988,-0.5675178020449125
C067,RandomForest,deltaq_mean8,3,19,9,5.360233249089276,10.2718513490447,87.6640430711264,109.04868124259293,0.2531168783715323
C068,RandomForest,deltaq_mean8,1,18,10,6.404759582761543,11.75005841663303,85.59768822751326,113.72641025472171,0.34022659573492575
C068,RandomForest,deltaq_mean8,2,19,9,6.663746845858578,14.516732064214166,106.24881820854063,119.04009757297163,-0.13662519284641106
C068,RandomForest,deltaq_mean8,3,19,9,7.336096836079604,9.534681920570884,80.63283763561529,103.7669821598194,0.3237143346114084
C069,RandomForest,deltaq_mean8,1,18,10,4.1112538846294004,10.767063207863153,78.62333333333332,111.3870526288102,0.3670905680217488
C069,RandomForest,deltaq_mean8,2,19,9,4.158096762846445,16.61917722596068,123.31925925925927,140.9660505578437,-0.593895314721878
C069,RandomForest,deltaq_mean8,3,19,9,4.70805136898424,10.10283683046291,85.93185185185183,108.09551867688451,0.26611638951222594
C070,RandomForest,deltaq_mean8,1,18,10,6.404759582761543,11.75005841663303,85.59768822751326,113.72641025472171,0.34022659573492575
C070,RandomForest,deltaq_mean8,2,19,9,6.663746845858578,14.516732064214166,106.24881820854063,119.04009757297163,-0.13662519284641106
C070,RandomForest,deltaq_mean8,3,19,9,7.336096836079604,9.534681920570884,80.63283763561529,103.7669821598194,0.3237143346114084
C071,Linear,deltaq_min8,1,18,10,5.690078893956676,46.074136022516235,305.58396792796833,546.7567907936894,-14.249672415325948
C071,Linear,deltaq_min8,2,19,9,5.304500720833332,19.776623803193175,144.5594865370267,156.44229033812275,-0.9630847999346797
C071,Linear,deltaq_min8,3,19,9,5.767938783301268,9.889698432835804,80.1406827204498,89.35514189749078,0.49852312940899046
C072,Ridge,deltaq_min8,1,18,10,5.870820356699892,41.45704972679212,274.427493491408,490.2577140696534,-11.260862296477626
C072,Ridge,deltaq_min8,2,19,9,5.365942105872326,15.764108379596687,113.74301182695874,125.96220046725196,-0.2726565208791909
C072,Ridge,deltaq_min8,3,19,9,5.840237943893045,9.620902882278209,77.85009548003657,86.33195046913295,0.5318824588485045
C073,Ridge,deltaq_min8,1,18,10,6.34886280345486,28.490820493222458,187.65649398073828,323.4714667623827,-4.337576329698931
C073,Ridge,deltaq_min8,2,19,9,5.955972908348294,11.312401408700223,81.91912834401757,87.97845847637083,0.3791546599017679
C073,Ridge,deltaq_min8,3,19,9,6.032846812594396,9.432642980178441,76.93118040809284,86.70637426604854,0.5278131790329104
C074,Ridge,deltaq_min8,1,18,10,7.858269314624064,14.394490026583412,99.45803117161367,131.08324478913687,0.12347055566075926
C074,Ridge,deltaq_min8,2,19,9,7.575207454565137,7.607345799756364,57.6407043794571,62.16942389469643,0.689983781000556
C074,Ridge,deltaq_min8,3,19,9,7.390835127526691,10.569968826258707,89.6514059077864,107.07284974349855,0.2799369386457923
C075,Ridge,deltaq_min8,1,18,10,12.39481788798043,13.981440561690944,103.28056677212567,127.36463127168895,0.17249652103564073
C075,Ridge,deltaq_min8,2,19,9,11.97943657018811,13.293315235191486,93.48897202030167,100.65505272392724,0.18735308547916074
C075,Ridge,deltaq_min8,3,19,9,11.395052002043778,13.018905992265584,115.13146826379615,138.02691500086695,-0.19657347663573388
C076,Linear,deltaq_min8,1,18,10,5.273187321687723,23.09611593918369,163.0930990817921,242.8068198075566,-2.007418760626267
C076,Linear,deltaq_min8,2,19,9,4.765359224422594,16.143186583869095,122.25876345087002,137.59402096447897,-0.5185526507253118
C076,Linear,deltaq_min8,3,19,9,5.43445285097328,8.994339798175407,73.37206637325038,82.0893913887054,0.5767608037008276
C077,Ridge,deltaq_min8,1,18,10,5.455014427333184,21.542609911411837,151.61365620724789,230.9267412278458,-1.7203237737288561
C077,Ridge,deltaq_min8,2,19,9,4.88250956875956,12.47374520856252,93.84287027086862,105.56327372863325,0.1061669073789473
C077,Ridge,deltaq_min8,3,19,9,5.440224605181661,8.799620223926347,71.73307324588714,79.40793813173983,0.6039594560207064
C078,Ridge,deltaq_min8,1,18,10,5.960630678814974,16.937707006156927,118.00801001078939,182.94384787845516,-0.7072918291351502
C078,Ridge,deltaq_min8,2,19,9,5.551458088897268,8.860684735177497,67.12821497137035,72.93327938537428,0.5733397211902928
C078,Ridge,deltaq_min8,3,19,9,5.589256343014861,8.749593717919035,72.05952276616566,79.84378885059914,0.5995999856864369
C079,Ridge,deltaq_min8,1,18,10,7.70874129494464,10.915622907150764,80.30337179728699,98.37351059311659,0.5063393813260448
C079,Ridge,deltaq_min8,2,19,9,7.2630147149750455,7.853289691833691,59.32599619695319,63.511060696208745,0.6764588973233903
C079,Ridge,deltaq_min8,3,19,9,7.423636405078097,10.317481690059868,88.49284209985936,105.56691208560652,0.3000493100393562
C080,Ridge,deltaq_min8,1,18,10,12.232803865529842,13.89918041242998,103.1951791467598,129.51536944651193,0.14431334193396217
C080,Ridge,deltaq_min8,2,19,9,11.68477070608835,12.615161885518312,89.74500979037803,96.96693269136709,0.24581473090760408
C080,Ridge,deltaq_min8,3,19,9,11.089689405367778,13.196483030002337,117.76103064598298,142.61457165441558,-0.2774373590916379
C081,RandomForest,deltaq_min8,1,18,10,4.4002068161586,11.221810572649405,83.89764622414619,105.30847206503422,0.4342836036965271
C081,RandomForest,deltaq_min8,2,19,9,4.857652844918131,16.316988212038353,120.70928159905937,137.30593198642367,-0.5122003355483546
C081,RandomForest,deltaq_min8,3,19,9,5.106702769388937,9.1754336761058,79.1344421144698,104.42493805224136,0.31511088814180377
C082,RandomForest,deltaq_min8,1,18,10,5.834707663461182,12.176544390092895,91.31412738002741,111.48771234298208,0.36594613933862363
C082,RandomForest,deltaq_min8,2,19,9,6.742782698915399,14.505829363601633,106.04692402864642,118.78813213948327,-0.13181862476993889
C082,RandomForest,deltaq_min8,3,19,9,7.115688483584218,8.729176100915,74.39945692373469,100.75534216032126,0.3624004912315114
C083,RandomForest,deltaq_min8,1,18,10,3.893144339952712,11.122837706643354,83.09866666666667,104.51084432833859,0.44282085092963075
C083,RandomForest,deltaq_min8,2,19,9,4.4328566651369545,16.37390376892133,121.4885185185185,138.76911773976082,-0.544601256332661
C083,RandomForest,deltaq_min8,3,19,9,4.5078293673257805,8.978062441862528,77.43703703703704,103.64213886324494,0.3253406504380244
C084,RandomForest,deltaq_min8,1,18,10,5.834707663461182,12.176544390092895,91.31412738002741,111.48771234298208,0.36594613933862363
C084,RandomForest,deltaq_min8,2,19,9,6.742782698915399,14.505829363601633,106.04692402864642,118.78813213948327,-0.13181862476993889
C084,RandomForest,deltaq_min8,3,19,9,7.114207374766868,8.72617380253692,74.37921001015447,100.73842333703145,0.36261460449786675
C085,Linear,no_ir6,1,18,10,5.954076966840067,22.411599799152143,146.13514527897405,223.57048338161937,-1.5497703971124643
C085,Linear,no_ir6,2,19,9,5.9173708877602404,10.08770254372661,75.10068005035517,84.58054997412447,0.4261852086580158
C085,Linear,no_ir6,3,19,9,6.1783999736606345,9.157182347552057,74.77958388731462,79.83148418254383,0.5997233868853138
C086,Ridge,no_ir6,1,18,10,6.013958186982017,21.817233877781383,142.40158796631164,216.6325657251563,-1.3939751047614664
C086,Ridge,no_ir6,2,19,9,6.162684254723145,7.306786456133903,54.540855054632544,66.49278829019653,0.6453664502012224
C086,Ridge,no_ir6,3,19,9,6.1707767176428785,9.294518363777128,75.99822308136713,80.84668320150328,0.5894782003859772
C087,Ridge,no_ir6,1,18,10,6.300477072018334,19.20804109740451,126.34437536347272,186.90272767218772,-0.7819824483760831
C087,Ridge,no_ir6,2,19,9,6.920210359075331,6.247483071018635,47.03559267977458,55.030622351539456,0.7570932529101345
C087,Ridge,no_ir6,3,19,9,6.168656117656622,9.545208772051089,78.51142005569982,84.89307555220078,0.547356441019339
C088,Ridge,no_ir6,1,18,10,8.012912337839955,13.869803667271857,96.53400919788805,125.39865014595273,0.1978457918983264
C088,Ridge,no_ir6,2,19,9,7.709631168375432,8.061598728626167,59.53676747665559,64.50314693082218,0.6662720845176899
C088,Ridge,no_ir6,3,19,9,7.248964930516613,10.14927778388251,86.05868344900645,104.41697566123085,0.31521532961144283
C089,Ridge,no_ir6,1,18,10,12.368238378085302,11.005495519473858,83.5566852075053,108.33750648409702,0.40127166166451245
C089,Ridge,no_ir6,2,19,9,11.90042347389129,13.290983195430108,93.54967701611432,100.56219995571688,0.18885170298123255
C089,Ridge,no_ir6,3,19,9,11.378674657218543,12.889134091683074,114.0639008524459,137.0763179270663,-0.1801485296457921
C090,Linear,no_ir6,1,18,10,5.654852232079868,13.45634664725103,94.78559909681113,118.78929953209179,0.28017523208790873
C090,Linear,no_ir6,2,19,9,5.458028018880346,8.539988574669088,66.21002265042502,74.96167709193313,0.5492774174751195
C090,Linear,no_ir6,3,19,9,5.784150346550584,8.278720313798887,68.0816004008234,74.06431822997175,0.6554677595506139
C091,Ridge,no_ir6,1,18,10,5.714493542138018,13.21361709314986,93.06064855049621,116.42888179403191,0.30849775262616497
C091,Ridge,no_ir6,2,19,9,5.800675288389705,6.130413585691582,48.0413063515337,57.6047333697438,0.7338373750455107
C091,Ridge,no_ir6,3,19,9,5.793252630164244,8.559032165919533,70.5764190164528,75.51624521539043,0.6418272136511737
C092,Ridge,no_ir6,1,18,10,6.0118353328678795,12.278286064717173,86.75838417561523,108.25070704991954,0.40223067325567097
C092,Ridge,no_ir6,2,19,9,6.6387125658374275,5.950432328741237,45.80014535093434,51.5471201076479,0.7868724744586544
C092,Ridge,no_ir6,3,19,9,5.794296480052578,8.998876519175852,74.77522322450747,80.16309354172014,0.5963910887257633
C093,Ridge,no_ir6,1,18,10,7.863633981148055,11.029265047585735,81.74052321981004,97.88042737299467,0.5112757859047747
C093,Ridge,no_ir6,2,19,9,7.5853844060959075,8.27633078871631,61.256279776083524,66.05411162261245,0.6500303030542776
C093,Ridge,no_ir6,3,19,9,7.425847696193822,9.85467351270305,84.51334766121931,103.28841460505646,0.3299379338010743
C094,Ridge,no_ir6,1,18,10,12.196843092253268,10.795783033604799,82.66187767634844,108.96797083000014,0.39428284983463124
C094,Ridge,no_ir6,2,19,9,11.595189530166673,12.64155083520349,90.03676667936287,97.01273780566589,0.24510204049276818
C094,Ridge,no_ir6,3,19,9,11.06277584807005,13.071442313517856,116.75700159750305,141.83284357934198,-0.26347144035684744
C095,RandomForest,no_ir6,1,18,10,4.435138649360141,10.430698012736213,79.85912129722126,103.57005519092891,0.45280696801895703
C095,RandomForest,no_ir6,2,19,9,4.739159107387261,13.728955527832525,100.37012448559686,118.65822807935957,-0.12934451496032895
C095,RandomForest,no_ir6,3,19,9,4.260076808764826,7.458086844417719,65.92638697824819,95.34471798895326,0.42904078526501277
C096,RandomForest,no_ir6,1,18,10,6.309829792031625,10.305259152964618,78.4979611111111,101.05361680130088,0.47907420055949124
C096,RandomForest,no_ir6,2,19,9,6.760176518171577,12.727547824937687,91.87991169632849,106.6976303924901,0.08685387956836255
C096,RandomForest,no_ir6,3,19,9,6.455542826420264,7.415563059956688,64.77401080914957,92.38761004978726,0.4639080639088967
C097,RandomForest,no_ir6,1,18,10,3.8096744494228716,10.280922100729333,79.26633333333334,104.3712450661899,0.4443083491980575
C097,RandomForest,no_ir6,2,19,9,4.304285593136822,13.789238546178604,101.02370370370369,118.85526975337757,-0.13309836667841757
C097,RandomForest,no_ir6,3,19,9,3.763235722546036,7.205413739313357,63.802962962962965,92.5567011000204,0.4619439195319055
C098,RandomForest,no_ir6,1,18,10,6.309829792031625,10.305259152964618,78.4979611111111,101.05361680130088,0.47907420055949124
C098,RandomForest,no_ir6,2,19,9,6.760176518171577,12.727547824937687,91.87991169632849,106.6976303924901,0.08685387956836255
C098,RandomForest,no_ir6,3,19,9,6.455542826420264,7.415563059956688,64.77401080914957,92.38761004978726,0.4639080639088967
C099,Linear,deltaq_only1,1,18,10,8.000009128546349,8.802578442235408,66.00453872054393,77.9166002820378,0.6903064697717901
C099,Linear,deltaq_only1,2,19,9,8.078963424423609,11.697375188327136,88.25422239160855,110.45058190313307,0.021486670751128756
C099,Linear,deltaq_only1,3,19,9,8.276809109526406,8.1577695472923,71.86984726181939,93.2194964493186,0.4542103261964633
C100,Ridge,deltaq_only1,1,18,10,8.001615716872307,8.833630388983003,66.19567386573428,78.11718648022838,0.6887098855298014
C100,Ridge,deltaq_only1,2,19,9,8.069214989195286,11.607394422890755,87.64605142228841,109.91388764480725,0.030973023087902507
C100,Ridge,deltaq_only1,3,19,9,8.278507572893371,8.159146346402732,71.90457541215858,93.43090886035152,0.45173192719273825
C101,Ridge,deltaq_only1,1,18,10,8.168801626711904,9.098389092830935,67.82535247209424,79.97127613455984,0.6737577560347155
C101,Ridge,deltaq_only1,2,19,9,8.052857246739332,10.838058878409678,82.44618963460127,105.4766177718124,0.1076337844032722
C101,Ridge,deltaq_only1,3,19,9,8.348231337519397,8.170917978796922,72.20150109755883,95.32587489368288,0.42926644172473194
C102,Ridge,deltaq_only1,1,18,10,9.708041759827255,11.048879448833652,80.10725622814957,97.07657921277148,0.5192701700507929
C102,Ridge,deltaq_only1,2,19,9,9.06161555743084,9.05583618881129,68.58784284248327,85.5039625002758,0.41358750870121097
C102,Ridge,deltaq_only1,3,19,9,9.784490050036682,9.329019875683414,83.41558305272898,111.13516701865755,0.2242624353435434
C103,Ridge,deltaq_only1,1,18,10,13.14408656795547,15.651004710033579,110.74701969517908,135.74468600892,0.06002172193676747
C103,Ridge,deltaq_only1,2,19,9,13.303542392211007,13.642174121453031,96.49655935011987,102.96576045762154,0.14961343142513062
C103,Ridge,deltaq_only1,3,19,9,12.531854597881727,13.04777571550744,117.50640701550361,146.2501689679684,-0.3433975824336635
C104,Linear,deltaq_only1,1,18,10,7.957846890979442,8.766540140230344,65.71967966711713,77.24015470724345,0.6956604367849957
C104,Linear,deltaq_only1,2,19,9,7.948442339032723,11.032960043513853,85.08635673180105,112.23019905256704,-0.010299634329346219
C104,Linear,deltaq_only1,3,19,9,8.26666775250205,7.979049826899949,71.25138770339349,94.18994116436656,0.4427874869226215
C105,Ridge,deltaq_only1,1,18,10,7.9775481635596615,8.795085183914988,65.90866331142598,77.42930853622491,0.6941680140426831
C105,Ridge,deltaq_only1,2,19,9,7.949710241583453,10.950258227859159,84.50954111012736,111.67743029806319,-0.0003720609086945714
C105,Ridge,deltaq_only1,3,19,9,8.277788636339782,7.9794604150751685,71.28134269576088,94.440863086916,0.43981470513119747
C106,Ridge,deltaq_only1,1,18,10,8.147008506435261,9.039112927720785,67.52096501077499,79.17020874596162,0.6802609184563808
C106,Ridge,deltaq_only1,2,19,9,8.023379845854617,10.242496900447282,79.57713699272529,107.09214168787828,0.08008873477980327
C106,Ridge,deltaq_only1,3,19,9,8.42476889992156,7.983196684085188,71.53842726714369,96.68894356568686,0.41282786201901067
C107,Ridge,deltaq_only1,1,18,10,9.530468103427966,10.646186971192757,77.9965087108844,95.16493025229416,0.5380169834209032
C107,Ridge,deltaq_only1,2,19,9,8.973042304436,9.029555549603348,68.75099814527255,85.46718845824682,0.41409181562740804
C107,Ridge,deltaq_only1,3,19,9,9.650902939806562,9.482991946709477,85.83131922089729,115.02892634159343,0.1689523193668393
C108,Ridge,deltaq_only1,1,18,10,12.93343598433746,14.873947055414218,106.3484957212864,132.51100735853095,0.10427219831147105
C108,Ridge,deltaq_only1,2,19,9,13.012704876428561,12.947471115915413,92.78880671386163,99.3858785761655,0.20771744775543433
C108,Ridge,deltaq_only1,3,19,9,12.191300769294863,13.333747873112392,121.14766263932046,152.68482432310773,-0.46421063468561363
C109,RandomForest,deltaq_only1,1,18,10,4.518881472664781,10.00197710904646,76.62603059163061,98.9497904117588,0.5005386343007079
C109,RandomForest,deltaq_only1,2,19,9,5.700262787184824,11.446169643077726,88.57077493596933,114.85759376002882,-0.05815711574446025
C109,RandomForest,deltaq_only1,3,19,9,4.565799476276889,9.003778406387838,81.68513798033257,113.00294053531559,0.1979687341411931
C110,RandomForest,deltaq_only1,1,18,10,6.858226061040458,10.172911068293397,76.32212153679644,93.08222494637425,0.5580169094003126
C110,RandomForest,deltaq_only1,2,19,9,8.05650423606699,12.15761193949425,89.94598422051216,106.11342407370849,0.09682608377097601
C110,RandomForest,deltaq_only1,3,19,9,6.666745540570764,7.148343930972182,63.246808040724595,90.03451596112443,0.4908686056782118
C111,RandomForest,deltaq_only1,1,18,10,3.512976568065154,10.269242427549516,79.33333333333334,103.03014365816551,0.458497141175529
C111,RandomForest,deltaq_only1,2,19,9,4.528149829480604,12.655348065045589,98.26000000000003,122.67597315743399,-0.20711807526707138
C111,RandomForest,deltaq_only1,3,19,9,3.574906273182127,9.948247345303978,89.93666666666668,119.23045395108885,0.10713416691608735
C112,RandomForest,deltaq_only1,1,18,10,6.858226061040458,10.172911068293397,76.32212153679644,93.08222494637425,0.5580169094003126
C112,RandomForest,deltaq_only1,2,19,9,8.056878188397059,12.158226425361644,89.94978977606769,106.115941757189,0.09678322523456528
C112,RandomForest,deltaq_only1,3,19,9,6.665045505929999,7.146629639520236,63.23524719416375,90.02988815449723,0.49092094340806613
