candidate_id,family,dataset,cell_id,actual,predicted,error_cycles,absolute_error_cycles,ape_pct,policy,label_status,ir_missing,policy_seen_in_dev
C000,Dummy,Valid_B1_holdout,b1c21,559.0,776.5714285714286,217.57142857142856,217.57142857142856,38.92154357270636,5.4C(80%)-5.4C,provided_near80_endpoint_proxy,False,True
C000,Dummy,Valid_B1_holdout,b1c23,1014.0,776.5714285714286,-237.42857142857144,237.42857142857144,23.41504649196957,6C(30%)-3.6C,provided_near80_endpoint_proxy,False,False
C000,Dummy,Valid_B1_holdout,b1c26,870.0,776.5714285714286,-93.42857142857144,93.42857142857144,10.738916256157637,6C(40%)-3.6C,provided_near80_endpoint_proxy,False,True
C000,Dummy,Valid_B1_holdout,b1c31,876.0,776.5714285714286,-99.42857142857144,99.42857142857144,11.350293542074366,6C(50%)-3.6C,provided_near80_endpoint_proxy,False,True
C000,Dummy,Valid_B1_holdout,b1c36,704.0,776.5714285714286,72.57142857142856,72.57142857142856,10.308441558441556,7C(40%)-3C,provided_near80_endpoint_proxy,False,True
C000,Dummy,Valid_B1_holdout,b1c40,966.0,776.5714285714286,-189.42857142857144,189.42857142857144,19.60958296362023,8C(15%)-3.6C,provided_near80_endpoint_proxy,False,False
C000,Dummy,Valid_B1_holdout,b1c41,1051.0,776.5714285714286,-274.42857142857144,274.42857142857144,26.111186624983013,8C(15%)-3.6C,provided_near80_endpoint_proxy,False,False
C000,Dummy,Valid_B1_holdout,b1c45,599.0,776.5714285714286,177.57142857142856,177.57142857142856,29.64464583830193,8C(35%)-3.6C,provided_near80_endpoint_proxy,False,True
C000,Dummy,Test_B2,b2c0,477.0,776.5714285714286,299.57142857142856,299.57142857142856,62.8032345013477,5.2C(58%)-4C,observed_80pct_crossing,False,False
C000,Dummy,Test_B2,b2c1,491.0,776.5714285714286,285.57142857142856,285.57142857142856,58.16118708175735,5.6C(26%)-4.5C,observed_80pct_crossing,False,False
C000,Dummy,Test_B2,b2c2,424.0,776.5714285714286,352.57142857142856,352.57142857142856,83.15363881401618,5.2C(50%)-4.25C,observed_80pct_crossing,False,False
C000,Dummy,Test_B2,b2c3,499.0,776.5714285714286,277.57142857142856,277.57142857142856,55.62553678786143,4.65C(44%)-5C,observed_80pct_crossing,False,False
C000,Dummy,Test_B2,b2c4,444.0,776.5714285714286,332.57142857142856,332.57142857142856,74.9034749034749,4.65C(69%)-6C,observed_80pct_crossing,False,False
C000,Dummy,Test_B2,b2c5,416.0,776.5714285714286,360.57142857142856,360.57142857142856,86.67582417582416,3.6C(30%)-6C,observed_80pct_crossing,False,False
C000,Dummy,Test_B2,b2c6,393.0,776.5714285714286,383.57142857142856,383.57142857142856,97.60087241003271,3.6C(9%)-5C,observed_80pct_crossing,False,False
C000,Dummy,Test_B2,b2c7,777.0,776.5714285714286,-0.4285714285714448,0.4285714285714448,0.055157198014342955,4.8C(80%)-4.8C-newstructure,observed_80pct_crossing,False,False
C000,Dummy,Test_B2,b2c8,904.0,776.5714285714286,-127.42857142857144,127.42857142857144,14.096080910240206,5.2C(58%)-4C-newstructure,observed_80pct_crossing,False,False
C000,Dummy,Test_B2,b2c9,791.0,776.5714285714286,-14.428571428571445,14.428571428571445,1.8240924688459477,5.6C(26%)-4.5C-newstructure,observed_80pct_crossing,False,False
C000,Dummy,Test_B2,b2c10,492.0,776.5714285714286,284.57142857142856,284.57142857142856,57.8397212543554,4.8C(80%)-4.8C,observed_80pct_crossing,False,True
C000,Dummy,Test_B2,b2c11,449.0,776.5714285714286,327.57142857142856,327.57142857142856,72.95577473751193,5.2C(50%)-4.25C,observed_80pct_crossing,False,False
C000,Dummy,Test_B2,b2c12,466.0,776.5714285714286,310.57142857142856,310.57142857142856,66.64622930717351,4.65C(44%)-5C,observed_80pct_crossing,False,False
C000,Dummy,Test_B2,b2c13,460.0,776.5714285714286,316.57142857142856,316.57142857142856,68.81987577639751,4.65C(69%)-6C,observed_80pct_crossing,False,False
C000,Dummy,Test_B2,b2c14,426.0,776.5714285714286,350.57142857142856,350.57142857142856,82.29376257545272,3.6C(30%)-6C,observed_80pct_crossing,False,False
C000,Dummy,Test_B2,b2c15,396.0,776.5714285714286,380.57142857142856,380.57142857142856,96.1038961038961,3.6C(9%)-5C,observed_80pct_crossing,False,False
C000,Dummy,Test_B2,b2c16,472.0,776.5714285714286,304.57142857142856,304.57142857142856,64.5278450363196,4.8C(80%)-4.8C,observed_80pct_crossing,False,True
C000,Dummy,Test_B2,b2c17,471.0,776.5714285714286,305.57142857142856,305.57142857142856,64.87716105550501,5.6C(26%)-4.5C,observed_80pct_crossing,False,False
C000,Dummy,Test_B2,b2c18,449.0,776.5714285714286,327.57142857142856,327.57142857142856,72.95577473751193,5.2C(50%)-4.25C,observed_80pct_crossing,False,False
C000,Dummy,Test_B2,b2c19,392.0,776.5714285714286,384.57142857142856,384.57142857142856,98.10495626822157,6C(60%)-3C,observed_80pct_crossing,False,True
C000,Dummy,Test_B2,b2c20,489.0,776.5714285714286,287.57142857142856,287.57142857142856,58.80806310254163,5.2C(58%)-4C,observed_80pct_crossing,False,False
C000,Dummy,Test_B2,b2c21,408.0,776.5714285714286,368.57142857142856,368.57142857142856,90.33613445378151,6C(60%)-3C,observed_80pct_crossing,False,True
C000,Dummy,Test_B2,b2c24,514.0,776.5714285714286,262.57142857142856,262.57142857142856,51.08393551973318,4.8C(80%)-4.8C,observed_80pct_crossing,False,True
C000,Dummy,Test_B2,b2c25,493.0,776.5714285714286,283.57142857142856,283.57142857142856,57.51955954795711,5.2C(58%)-4C,observed_80pct_crossing,False,False
C000,Dummy,Test_B2,b2c26,450.0,776.5714285714286,326.57142857142856,326.57142857142856,72.57142857142857,5.6C(26%)-4.5C,observed_80pct_crossing,False,False
C000,Dummy,Test_B2,b2c27,474.0,776.5714285714286,302.57142857142856,302.57142857142856,63.833634719710666,5.2C(50%)-4.25C,observed_80pct_crossing,False,False
C000,Dummy,Test_B2,b2c28,437.0,776.5714285714286,339.57142857142856,339.57142857142856,77.70513239620792,4.8C(80%)-4.8C,observed_80pct_crossing,False,True
C000,Dummy,Test_B2,b2c29,452.0,776.5714285714286,324.57142857142856,324.57142857142856,71.80783817951959,5.2C(58%)-4C,observed_80pct_crossing,False,False
C000,Dummy,Test_B2,b2c30,412.0,776.5714285714286,364.57142857142856,364.57142857142856,88.4882108183079,5.6C(26%)-4.5C,observed_80pct_crossing,False,False
C000,Dummy,Test_B2,b2c31,425.0,776.5714285714286,351.57142857142856,351.57142857142856,82.72268907563026,5.6C(26%)-4.5C,observed_80pct_crossing,False,False
C000,Dummy,Test_B2,b2c32,809.0,776.5714285714286,-32.428571428571445,32.428571428571445,4.00847607275296,4.8C(80%)-4.8C-newstructure,observed_80pct_crossing,False,False
C000,Dummy,Test_B2,b2c33,1140.0,776.5714285714286,-363.42857142857144,363.42857142857144,31.879699248120303,5.2C(58%)-4C-newstructure,observed_80pct_crossing,False,False
C000,Dummy,Test_B2,b2c34,1186.0,776.5714285714286,-409.42857142857144,409.42857142857144,34.52180197542761,5.6C(26%)-4.5C-newstructure,observed_80pct_crossing,False,False
C000,Dummy,Test_B2,b2c41,442.0,776.5714285714286,334.57142857142856,334.57142857142856,75.69489334195217,5.6C(26%)-4.5C,observed_80pct_crossing,True,False
C000,Dummy,Test_B2,b2c42,474.0,776.5714285714286,302.57142857142856,302.57142857142856,63.833634719710666,5.2C(50%)-4.25C,observed_80pct_crossing,True,False
C000,Dummy,Test_B2,b2c43,1029.0,776.5714285714286,-252.42857142857144,252.42857142857144,24.531445231153686,4.8C(80%)-4.8C-newstructure,observed_80pct_crossing,True,False
C000,Dummy,Test_B2,b2c44,841.0,776.5714285714286,-64.42857142857144,64.42857142857144,7.660947851197555,5.2C(58%)-4C-newstructure,observed_80pct_crossing,True,False
C000,Dummy,Test_B2,b2c45,997.0,776.5714285714286,-220.42857142857144,220.42857142857144,22.109184696947988,5.6C(26%)-4.5C-newstructure,observed_80pct_crossing,True,False
C000,Dummy,Test_B2,b2c46,503.0,776.5714285714286,273.57142857142856,273.57142857142856,54.38795796648679,4.8C(80%)-4.8C,observed_80pct_crossing,True,True
C037,Ridge,Valid_B1_holdout,b1c21,559.0,592.0476097074787,33.04760970747873,33.04760970747873,5.911915868958627,5.4C(80%)-5.4C,provided_near80_endpoint_proxy,False,True
C037,Ridge,Valid_B1_holdout,b1c23,1014.0,897.5255893626834,-116.47441063731662,116.47441063731662,11.486628267979942,6C(30%)-3.6C,provided_near80_endpoint_proxy,False,False
C037,Ridge,Valid_B1_holdout,b1c26,870.0,813.0761790487165,-56.92382095128346,56.92382095128346,6.542967925434881,6C(40%)-3.6C,provided_near80_endpoint_proxy,False,True
C037,Ridge,Valid_B1_holdout,b1c31,876.0,848.5109368515638,-27.48906314843623,27.48906314843623,3.138020907355734,6C(50%)-3.6C,provided_near80_endpoint_proxy,False,True
C037,Ridge,Valid_B1_holdout,b1c36,704.0,780.3389392497494,76.33893924974939,76.33893924974939,10.843599325248492,7C(40%)-3C,provided_near80_endpoint_proxy,False,True
C037,Ridge,Valid_B1_holdout,b1c40,966.0,920.189224335101,-45.81077566489898,45.81077566489898,4.742316321418114,8C(15%)-3.6C,provided_near80_endpoint_proxy,False,False
C037,Ridge,Valid_B1_holdout,b1c41,1051.0,917.6006695937999,-133.39933040620008,133.39933040620008,12.692609933986688,8C(15%)-3.6C,provided_near80_endpoint_proxy,False,False
C037,Ridge,Valid_B1_holdout,b1c45,599.0,671.8662741678432,72.86627416784324,72.86627416784324,12.164653450391192,8C(35%)-3.6C,provided_near80_endpoint_proxy,False,True
C037,Ridge,Test_B2,b2c0,477.0,796.0549958439466,319.0549958439466,319.0549958439466,66.88783979956952,5.2C(58%)-4C,observed_80pct_crossing,False,False
C037,Ridge,Test_B2,b2c1,491.0,705.4553347795313,214.4553347795313,214.4553347795313,43.67725759257257,5.6C(26%)-4.5C,observed_80pct_crossing,False,False
C037,Ridge,Test_B2,b2c2,424.0,658.3969976800813,234.3969976800813,234.3969976800813,55.28231077360408,5.2C(50%)-4.25C,observed_80pct_crossing,False,False
C037,Ridge,Test_B2,b2c3,499.0,802.5977567428467,303.59775674284674,303.59775674284674,60.84123381620176,4.65C(44%)-5C,observed_80pct_crossing,False,False
C037,Ridge,Test_B2,b2c4,444.0,634.7711998237925,190.77119982379247,190.77119982379247,42.966486446800104,4.65C(69%)-6C,observed_80pct_crossing,False,False
C037,Ridge,Test_B2,b2c5,416.0,574.9983118437566,158.9983118437566,158.9983118437566,38.220748039364565,3.6C(30%)-6C,observed_80pct_crossing,False,False
C037,Ridge,Test_B2,b2c6,393.0,771.0213339009662,378.02133390096617,378.02133390096617,96.18863458039851,3.6C(9%)-5C,observed_80pct_crossing,False,False
C037,Ridge,Test_B2,b2c7,777.0,1031.3997368326047,254.39973683260473,254.39973683260473,32.741278871635096,4.8C(80%)-4.8C-newstructure,observed_80pct_crossing,False,False
C037,Ridge,Test_B2,b2c8,904.0,862.90809503094,-41.09190496906001,41.09190496906001,4.545564708966815,5.2C(58%)-4C-newstructure,observed_80pct_crossing,False,False
C037,Ridge,Test_B2,b2c9,791.0,1030.484968963561,239.48496896356096,239.48496896356096,30.276228693244118,5.6C(26%)-4.5C-newstructure,observed_80pct_crossing,False,False
C037,Ridge,Test_B2,b2c10,492.0,869.1782821284991,377.17828212849906,377.17828212849906,76.66225246514209,4.8C(80%)-4.8C,observed_80pct_crossing,False,True
C037,Ridge,Test_B2,b2c11,449.0,827.8831364267119,378.88313642671187,378.88313642671187,84.38377203267525,5.2C(50%)-4.25C,observed_80pct_crossing,False,False
C037,Ridge,Test_B2,b2c12,466.0,745.1216117752768,279.12161177527685,279.12161177527685,59.897341582677434,4.65C(44%)-5C,observed_80pct_crossing,False,False
C037,Ridge,Test_B2,b2c13,460.0,739.3845724524201,279.3845724524201,279.3845724524201,60.73577662009133,4.65C(69%)-6C,observed_80pct_crossing,False,False
C037,Ridge,Test_B2,b2c14,426.0,581.34256462635,155.34256462635005,155.34256462635005,36.46539075735917,3.6C(30%)-6C,observed_80pct_crossing,False,False
C037,Ridge,Test_B2,b2c15,396.0,723.6194676918042,327.6194676918042,327.6194676918042,82.73218881106166,3.6C(9%)-5C,observed_80pct_crossing,False,False
C037,Ridge,Test_B2,b2c16,472.0,726.8980611488643,254.89806114886426,254.89806114886426,54.00382651458988,4.8C(80%)-4.8C,observed_80pct_crossing,False,True
C037,Ridge,Test_B2,b2c17,471.0,762.2960142202489,291.29601422024894,291.29601422024894,61.84628752022271,5.6C(26%)-4.5C,observed_80pct_crossing,False,False
C037,Ridge,Test_B2,b2c18,449.0,804.8017744248615,355.8017744248615,355.8017744248615,79.243156887497,5.2C(50%)-4.25C,observed_80pct_crossing,False,False
C037,Ridge,Test_B2,b2c19,392.0,684.2935295956129,292.2935295956129,292.2935295956129,74.56467591724818,6C(60%)-3C,observed_80pct_crossing,False,True
C037,Ridge,Test_B2,b2c20,489.0,753.6899229664575,264.6899229664575,264.6899229664575,54.12881860254755,5.2C(58%)-4C,observed_80pct_crossing,False,False
C037,Ridge,Test_B2,b2c21,408.0,725.7915469113873,317.7915469113873,317.7915469113873,77.8900850273008,6C(60%)-3C,observed_80pct_crossing,False,True
C037,Ridge,Test_B2,b2c24,514.0,809.2582995885708,295.2582995885708,295.2582995885708,57.44324894719277,4.8C(80%)-4.8C,observed_80pct_crossing,False,True
C037,Ridge,Test_B2,b2c25,493.0,816.1300079445584,323.13000794455843,323.13000794455843,65.54361215913964,5.2C(58%)-4C,observed_80pct_crossing,False,False
C037,Ridge,Test_B2,b2c26,450.0,690.3430986816653,240.3430986816653,240.3430986816653,53.40957748481452,5.6C(26%)-4.5C,observed_80pct_crossing,False,False
C037,Ridge,Test_B2,b2c27,474.0,774.6308333189053,300.6308333189053,300.6308333189053,63.4242264385876,5.2C(50%)-4.25C,observed_80pct_crossing,False,False
C037,Ridge,Test_B2,b2c28,437.0,770.1683136014899,333.1683136014899,333.1683136014899,76.2398886959931,4.8C(80%)-4.8C,observed_80pct_crossing,False,True
C037,Ridge,Test_B2,b2c29,452.0,898.0102753973754,446.0102753973754,446.0102753973754,98.67483968968483,5.2C(58%)-4C,observed_80pct_crossing,False,False
C037,Ridge,Test_B2,b2c30,412.0,609.1887301045997,197.1887301045997,197.1887301045997,47.86134225839799,5.6C(26%)-4.5C,observed_80pct_crossing,False,False
C037,Ridge,Test_B2,b2c31,425.0,763.9756828501055,338.9756828501055,338.9756828501055,79.75898420002481,5.6C(26%)-4.5C,observed_80pct_crossing,False,False
C037,Ridge,Test_B2,b2c32,809.0,897.9868464166917,88.98684641669172,88.98684641669172,10.999610187477344,4.8C(80%)-4.8C-newstructure,observed_80pct_crossing,False,False
C037,Ridge,Test_B2,b2c33,1140.0,794.0263652502312,-345.97363474976885,345.97363474976885,30.348564451734113,5.2C(58%)-4C-newstructure,observed_80pct_crossing,False,False
C037,Ridge,Test_B2,b2c34,1186.0,835.8396478505858,-350.16035214941417,350.16035214941417,29.524481631485173,5.6C(26%)-4.5C-newstructure,observed_80pct_crossing,False,False
C037,Ridge,Test_B2,b2c41,442.0,768.5013095059574,326.50130950595735,326.50130950595735,73.86907454885913,5.6C(26%)-4.5C,observed_80pct_crossing,True,False
C037,Ridge,Test_B2,b2c42,474.0,869.0759179676024,395.07591796760244,395.07591796760244,83.34934978219461,5.2C(50%)-4.25C,observed_80pct_crossing,True,False
C037,Ridge,Test_B2,b2c43,1029.0,921.2022618301578,-107.7977381698422,107.7977381698422,10.47597066762315,4.8C(80%)-4.8C-newstructure,observed_80pct_crossing,True,False
C037,Ridge,Test_B2,b2c44,841.0,995.8652210678047,154.86522106780467,154.86522106780467,18.414413920071897,5.2C(58%)-4C-newstructure,observed_80pct_crossing,True,False
C037,Ridge,Test_B2,b2c45,997.0,889.9576724554056,-107.0423275445944,107.0423275445944,10.736442080701543,5.6C(26%)-4.5C-newstructure,observed_80pct_crossing,True,False
C037,Ridge,Test_B2,b2c46,503.0,851.4033374467039,348.40333744670386,348.40333744670386,69.2650770271777,4.8C(80%)-4.8C,observed_80pct_crossing,True,True
C104,Linear,Valid_B1_holdout,b1c21,559.0,578.8912516555589,19.891251655558904,19.891251655558904,3.558363444643811,5.4C(80%)-5.4C,provided_near80_endpoint_proxy,False,True
C104,Linear,Valid_B1_holdout,b1c23,1014.0,891.9871411984707,-122.01285880152932,122.01285880152932,12.032826311787902,6C(30%)-3.6C,provided_near80_endpoint_proxy,False,False
C104,Linear,Valid_B1_holdout,b1c26,870.0,764.8523607529618,-105.14763924703823,105.14763924703823,12.085935545636579,6C(40%)-3.6C,provided_near80_endpoint_proxy,False,True
C104,Linear,Valid_B1_holdout,b1c31,876.0,756.5229681670984,-119.47703183290162,119.47703183290162,13.638930574532148,6C(50%)-3.6C,provided_near80_endpoint_proxy,False,True
C104,Linear,Valid_B1_holdout,b1c36,704.0,706.9518610079592,2.9518610079592236,2.9518610079592236,0.41929843863057153,7C(40%)-3C,provided_near80_endpoint_proxy,False,True
C104,Linear,Valid_B1_holdout,b1c40,966.0,900.0770635845605,-65.9229364154395,65.9229364154395,6.824320539900569,8C(15%)-3.6C,provided_near80_endpoint_proxy,False,False
C104,Linear,Valid_B1_holdout,b1c41,1051.0,909.3114079430513,-141.68859205694866,141.68859205694866,13.48131227944326,8C(15%)-3.6C,provided_near80_endpoint_proxy,False,False
C104,Linear,Valid_B1_holdout,b1c45,599.0,606.7082926716706,7.70829267167062,7.70829267167062,1.2868602122989348,8C(35%)-3.6C,provided_near80_endpoint_proxy,False,True
C104,Linear,Test_B2,b2c0,477.0,630.7142882179991,153.71428821799907,153.71428821799907,32.22521765576501,5.2C(58%)-4C,observed_80pct_crossing,False,False
C104,Linear,Test_B2,b2c1,491.0,560.245287495613,69.24528749561296,69.24528749561296,14.102909876906915,5.6C(26%)-4.5C,observed_80pct_crossing,False,False
C104,Linear,Test_B2,b2c2,424.0,620.1344469459737,196.13444694597365,196.13444694597365,46.25812427971076,5.2C(50%)-4.25C,observed_80pct_crossing,False,False
C104,Linear,Test_B2,b2c3,499.0,634.2700285802455,135.27002858024548,135.27002858024548,27.108222160369838,4.65C(44%)-5C,observed_80pct_crossing,False,False
C104,Linear,Test_B2,b2c4,444.0,537.717425315018,93.71742531501798,93.71742531501798,21.10752822410315,4.65C(69%)-6C,observed_80pct_crossing,False,False
C104,Linear,Test_B2,b2c5,416.0,490.54750628740754,74.54750628740754,74.54750628740754,17.92007362678066,3.6C(30%)-6C,observed_80pct_crossing,False,False
C104,Linear,Test_B2,b2c6,393.0,647.8356127958252,254.83561279582523,254.83561279582523,64.84366737807258,3.6C(9%)-5C,observed_80pct_crossing,False,False
C104,Linear,Test_B2,b2c7,777.0,1005.2296489864616,228.2296489864616,228.2296489864616,29.373185197742806,4.8C(80%)-4.8C-newstructure,observed_80pct_crossing,False,False
C104,Linear,Test_B2,b2c8,904.0,927.0813841013534,23.081384101353365,23.081384101353365,2.5532504536895315,5.2C(58%)-4C-newstructure,observed_80pct_crossing,False,False
C104,Linear,Test_B2,b2c9,791.0,1078.7676158844615,287.7676158844615,287.7676158844615,36.38022956819994,5.6C(26%)-4.5C-newstructure,observed_80pct_crossing,False,False
C104,Linear,Test_B2,b2c10,492.0,616.515080678523,124.51508067852296,124.51508067852296,25.307943227342065,4.8C(80%)-4.8C,observed_80pct_crossing,False,True
C104,Linear,Test_B2,b2c11,449.0,629.975581141876,180.97558114187598,180.97558114187598,40.30636551044008,5.2C(50%)-4.25C,observed_80pct_crossing,False,False
C104,Linear,Test_B2,b2c12,466.0,516.4206605577483,50.420660557748306,50.420660557748306,10.819884239860151,4.65C(44%)-5C,observed_80pct_crossing,False,False
C104,Linear,Test_B2,b2c13,460.0,576.7600592230835,116.76005922308354,116.76005922308354,25.382621570235553,4.65C(69%)-6C,observed_80pct_crossing,False,False
C104,Linear,Test_B2,b2c14,426.0,500.675884736111,74.67588473611102,74.67588473611102,17.529550407537798,3.6C(30%)-6C,observed_80pct_crossing,False,False
C104,Linear,Test_B2,b2c15,396.0,642.2666810841521,246.26668108415208,246.26668108415208,62.188555829331335,3.6C(9%)-5C,observed_80pct_crossing,False,False
C104,Linear,Test_B2,b2c16,472.0,633.729330935668,161.72933093566803,161.72933093566803,34.26468875755679,4.8C(80%)-4.8C,observed_80pct_crossing,False,True
C104,Linear,Test_B2,b2c17,471.0,635.9009099214179,164.9009099214179,164.9009099214179,35.010808900513354,5.6C(26%)-4.5C,observed_80pct_crossing,False,False
C104,Linear,Test_B2,b2c18,449.0,723.8848783795198,274.8848783795198,274.8848783795198,61.22157647650776,5.2C(50%)-4.25C,observed_80pct_crossing,False,False
C104,Linear,Test_B2,b2c19,392.0,558.1117828113915,166.11178281139155,166.11178281139155,42.37545479882437,6C(60%)-3C,observed_80pct_crossing,False,True
C104,Linear,Test_B2,b2c20,489.0,612.8222696282065,123.82226962820653,123.82226962820653,25.321527531330577,5.2C(58%)-4C,observed_80pct_crossing,False,False
C104,Linear,Test_B2,b2c21,408.0,570.3785630985734,162.3785630985734,162.3785630985734,39.79866742612093,6C(60%)-3C,observed_80pct_crossing,False,True
C104,Linear,Test_B2,b2c24,514.0,694.3972999715377,180.39729997153768,180.39729997153768,35.096750967225226,4.8C(80%)-4.8C,observed_80pct_crossing,False,True
C104,Linear,Test_B2,b2c25,493.0,649.6384905606742,156.6384905606742,156.6384905606742,31.772513298311196,5.2C(58%)-4C,observed_80pct_crossing,False,False
C104,Linear,Test_B2,b2c26,450.0,534.2093432372399,84.20934323723986,84.20934323723986,18.713187386053303,5.6C(26%)-4.5C,observed_80pct_crossing,False,False
C104,Linear,Test_B2,b2c27,474.0,630.2953428553735,156.29534285537352,156.29534285537352,32.97370102434041,5.2C(50%)-4.25C,observed_80pct_crossing,False,False
C104,Linear,Test_B2,b2c28,437.0,605.9941004975815,168.99410049758148,168.99410049758148,38.6714188781651,4.8C(80%)-4.8C,observed_80pct_crossing,False,True
C104,Linear,Test_B2,b2c29,452.0,639.0559221218871,187.05592212188708,187.05592212188708,41.38405356678918,5.2C(58%)-4C,observed_80pct_crossing,False,False
C104,Linear,Test_B2,b2c30,412.0,522.0914054141264,110.09140541412637,110.09140541412637,26.721214906341352,5.6C(26%)-4.5C,observed_80pct_crossing,False,False
C104,Linear,Test_B2,b2c31,425.0,579.6242070103958,154.62420701039582,154.62420701039582,36.382166355387255,5.6C(26%)-4.5C,observed_80pct_crossing,False,False
C104,Linear,Test_B2,b2c32,809.0,944.0955707624697,135.09557076246972,135.09557076246972,16.699081676448667,4.8C(80%)-4.8C-newstructure,observed_80pct_crossing,False,False
C104,Linear,Test_B2,b2c33,1140.0,1005.203357404461,-134.79664259553897,134.79664259553897,11.824266894345524,5.2C(58%)-4C-newstructure,observed_80pct_crossing,False,False
C104,Linear,Test_B2,b2c34,1186.0,1151.470719407741,-34.529280592259056,34.529280592259056,2.911406458031961,5.6C(26%)-4.5C-newstructure,observed_80pct_crossing,False,False
C104,Linear,Test_B2,b2c41,442.0,517.844590156729,75.84459015672905,75.84459015672905,17.15940953772151,5.6C(26%)-4.5C,observed_80pct_crossing,True,False
C104,Linear,Test_B2,b2c42,474.0,628.8698473031475,154.86984730314748,154.86984730314748,32.67296356606487,5.2C(50%)-4.25C,observed_80pct_crossing,True,False
C104,Linear,Test_B2,b2c43,1029.0,1030.7972504391514,1.7972504391514121,1.7972504391514121,0.17465990662307213,4.8C(80%)-4.8C-newstructure,observed_80pct_crossing,True,False
C104,Linear,Test_B2,b2c44,841.0,1092.4291242486622,251.42912424866222,251.42912424866222,29.89644759199313,5.2C(58%)-4C-newstructure,observed_80pct_crossing,True,False
C104,Linear,Test_B2,b2c45,997.0,970.3154599623471,-26.684540037652937,26.684540037652937,2.676483454127677,5.6C(26%)-4.5C-newstructure,observed_80pct_crossing,True,False
C104,Linear,Test_B2,b2c46,503.0,639.3068485076797,136.30684850767966,136.30684850767966,27.09877703930013,4.8C(80%)-4.8C,observed_80pct_crossing,True,True
C112,RandomForest,Valid_B1_holdout,b1c21,559.0,630.6799907407405,71.67999074074055,71.67999074074055,12.82289637580332,5.4C(80%)-5.4C,provided_near80_endpoint_proxy,False,True
C112,RandomForest,Valid_B1_holdout,b1c23,1014.0,887.6621497021496,-126.33785029785042,126.33785029785042,12.459354072766313,6C(30%)-3.6C,provided_near80_endpoint_proxy,False,False
C112,RandomForest,Valid_B1_holdout,b1c26,870.0,812.8525449735455,-57.14745502645451,57.14745502645451,6.568672991546495,6C(40%)-3.6C,provided_near80_endpoint_proxy,False,True
C112,RandomForest,Valid_B1_holdout,b1c31,876.0,691.149785954786,-184.850214045214,184.850214045214,21.10162260790114,6C(50%)-3.6C,provided_near80_endpoint_proxy,False,True
C112,RandomForest,Valid_B1_holdout,b1c36,704.0,689.6495642135641,-14.350435786435924,14.350435786435924,2.0384141742096484,7C(40%)-3C,provided_near80_endpoint_proxy,False,True
C112,RandomForest,Valid_B1_holdout,b1c40,966.0,918.6758631461131,-47.3241368538869,47.3241368538869,4.898978970381666,8C(15%)-3.6C,provided_near80_endpoint_proxy,False,False
C112,RandomForest,Valid_B1_holdout,b1c41,1051.0,920.398252035002,-130.60174796499803,130.60174796499803,12.426427018553571,8C(15%)-3.6C,provided_near80_endpoint_proxy,False,False
C112,RandomForest,Valid_B1_holdout,b1c45,599.0,630.6799907407405,31.67999074074055,31.67999074074055,5.288813145365701,8C(35%)-3.6C,provided_near80_endpoint_proxy,False,True
C112,RandomForest,Test_B2,b2c0,477.0,631.036935185185,154.03693518518503,154.03693518518503,32.292858529388894,5.2C(58%)-4C,observed_80pct_crossing,False,False
C112,RandomForest,Test_B2,b2c1,491.0,630.6799907407405,139.67999074074055,139.67999074074055,28.44806328731987,5.6C(26%)-4.5C,observed_80pct_crossing,False,False
C112,RandomForest,Test_B2,b2c2,424.0,630.6799907407405,206.67999074074055,206.67999074074055,48.745280835080315,5.2C(50%)-4.25C,observed_80pct_crossing,False,False
C112,RandomForest,Test_B2,b2c3,499.0,631.036935185185,132.03693518518503,132.03693518518503,26.46030765234169,4.65C(44%)-5C,observed_80pct_crossing,False,False
C112,RandomForest,Test_B2,b2c4,444.0,630.6799907407405,186.67999074074055,186.67999074074055,42.04504295962625,4.65C(69%)-6C,observed_80pct_crossing,False,False
C112,RandomForest,Test_B2,b2c5,416.0,630.6799907407405,214.67999074074055,214.67999074074055,51.605767004985715,3.6C(30%)-6C,observed_80pct_crossing,False,False
C112,RandomForest,Test_B2,b2c6,393.0,638.361443121693,245.36144312169301,245.36144312169301,62.43293718109237,3.6C(9%)-5C,observed_80pct_crossing,False,False
C112,RandomForest,Test_B2,b2c7,777.0,921.8384107651608,144.8384107651608,144.8384107651608,18.6407221061983,4.8C(80%)-4.8C-newstructure,observed_80pct_crossing,False,False
C112,RandomForest,Test_B2,b2c8,904.0,921.8384107651608,17.838410765160802,17.838410765160802,1.9732755271195577,5.2C(58%)-4C-newstructure,observed_80pct_crossing,False,False
C112,RandomForest,Test_B2,b2c9,791.0,921.8384107651608,130.8384107651608,130.8384107651608,16.540886316708068,5.6C(26%)-4.5C-newstructure,observed_80pct_crossing,False,False
C112,RandomForest,Test_B2,b2c10,492.0,630.6799907407405,138.67999074074055,138.67999074074055,28.186989987955396,4.8C(80%)-4.8C,observed_80pct_crossing,False,True
C112,RandomForest,Test_B2,b2c11,449.0,631.036935185185,182.03693518518503,182.03693518518503,40.542747257279515,5.2C(50%)-4.25C,observed_80pct_crossing,False,False
C112,RandomForest,Test_B2,b2c12,466.0,630.6799907407405,164.67999074074055,164.67999074074055,35.33905380702586,4.65C(44%)-5C,observed_80pct_crossing,False,False
C112,RandomForest,Test_B2,b2c13,460.0,630.6799907407405,170.67999074074055,170.67999074074055,37.10434581320447,4.65C(69%)-6C,observed_80pct_crossing,False,False
C112,RandomForest,Test_B2,b2c14,426.0,630.6799907407405,204.67999074074055,204.67999074074055,48.04694618327243,3.6C(30%)-6C,observed_80pct_crossing,False,False
C112,RandomForest,Test_B2,b2c15,396.0,631.036935185185,235.03693518518503,235.03693518518503,59.352761410400255,3.6C(9%)-5C,observed_80pct_crossing,False,False
C112,RandomForest,Test_B2,b2c16,472.0,631.036935185185,159.03693518518503,159.03693518518503,33.69426592906463,4.8C(80%)-4.8C,observed_80pct_crossing,False,True
C112,RandomForest,Test_B2,b2c17,471.0,631.036935185185,160.03693518518503,160.03693518518503,33.97811787371232,5.6C(26%)-4.5C,observed_80pct_crossing,False,False
C112,RandomForest,Test_B2,b2c18,449.0,680.3633631553632,231.36336315536323,231.36336315536323,51.52858867602744,5.2C(50%)-4.25C,observed_80pct_crossing,False,False
C112,RandomForest,Test_B2,b2c19,392.0,630.6799907407405,238.67999074074055,238.67999074074055,60.88775273998483,6C(60%)-3C,observed_80pct_crossing,False,True
C112,RandomForest,Test_B2,b2c20,489.0,630.6799907407405,141.67999074074055,141.67999074074055,28.973413239415247,5.2C(58%)-4C,observed_80pct_crossing,False,False
C112,RandomForest,Test_B2,b2c21,408.0,630.6799907407405,222.67999074074055,222.67999074074055,54.57842910312268,6C(60%)-3C,observed_80pct_crossing,False,True
C112,RandomForest,Test_B2,b2c24,514.0,704.0483351370851,190.04833513708513,190.04833513708513,36.9743842679154,4.8C(80%)-4.8C,observed_80pct_crossing,False,True
C112,RandomForest,Test_B2,b2c25,493.0,638.361443121693,145.36144312169301,145.36144312169301,29.48507974070852,5.2C(58%)-4C,observed_80pct_crossing,False,False
C112,RandomForest,Test_B2,b2c26,450.0,630.6799907407405,180.67999074074055,180.67999074074055,40.151109053497905,5.6C(26%)-4.5C,observed_80pct_crossing,False,False
C112,RandomForest,Test_B2,b2c27,474.0,631.036935185185,157.03693518518503,157.03693518518503,33.13015510235971,5.2C(50%)-4.25C,observed_80pct_crossing,False,False
C112,RandomForest,Test_B2,b2c28,437.0,630.6799907407405,193.67999074074055,193.67999074074055,44.320364013899436,4.8C(80%)-4.8C,observed_80pct_crossing,False,True
C112,RandomForest,Test_B2,b2c29,452.0,631.036935185185,179.03693518518503,179.03693518518503,39.60994141265156,5.2C(58%)-4C,observed_80pct_crossing,False,False
C112,RandomForest,Test_B2,b2c30,412.0,630.6799907407405,218.67999074074055,218.67999074074055,53.077667655519555,5.6C(26%)-4.5C,observed_80pct_crossing,False,False
C112,RandomForest,Test_B2,b2c31,425.0,630.6799907407405,205.67999074074055,205.67999074074055,48.39529193899777,5.6C(26%)-4.5C,observed_80pct_crossing,False,False
C112,RandomForest,Test_B2,b2c32,809.0,921.8384107651608,112.8384107651608,112.8384107651608,13.947887610032236,4.8C(80%)-4.8C-newstructure,observed_80pct_crossing,False,False
C112,RandomForest,Test_B2,b2c33,1140.0,921.8384107651608,-218.1615892348392,218.1615892348392,19.136981511828,5.2C(58%)-4C-newstructure,observed_80pct_crossing,False,False
C112,RandomForest,Test_B2,b2c34,1186.0,921.8384107651608,-264.1615892348392,264.1615892348392,22.273321183375984,5.6C(26%)-4.5C-newstructure,observed_80pct_crossing,False,False
C112,RandomForest,Test_B2,b2c41,442.0,630.6799907407405,188.67999074074055,188.67999074074055,42.687780710574785,5.6C(26%)-4.5C,observed_80pct_crossing,True,False
C112,RandomForest,Test_B2,b2c42,474.0,631.036935185185,157.03693518518503,157.03693518518503,33.13015510235971,5.2C(50%)-4.25C,observed_80pct_crossing,True,False
C112,RandomForest,Test_B2,b2c43,1029.0,921.8384107651608,-107.1615892348392,107.1615892348392,10.414148613686997,4.8C(80%)-4.8C-newstructure,observed_80pct_crossing,True,False
C112,RandomForest,Test_B2,b2c44,841.0,921.8384107651608,80.8384107651608,80.8384107651608,9.612177261017932,5.2C(58%)-4C-newstructure,observed_80pct_crossing,True,False
C112,RandomForest,Test_B2,b2c45,997.0,921.8384107651608,-75.1615892348392,75.1615892348392,7.538775249231615,5.6C(26%)-4.5C-newstructure,observed_80pct_crossing,True,False
C112,RandomForest,Test_B2,b2c46,503.0,631.036935185185,128.03693518518503,128.03693518518503,25.454659082541752,4.8C(80%)-4.8C,observed_80pct_crossing,True,True
