fold,role,cell_id
1,train,b1c6
1,train,b1c7
1,train,b1c9
1,train,b1c11
1,train,b1c14
1,train,b1c15
1,train,b1c16
1,train,b1c19
1,train,b1c27
1,train,b1c28
1,train,b1c29
1,train,b1c32
1,train,b1c33
1,train,b1c34
1,train,b1c38
1,train,b1c39
1,train,b1c43
1,train,b1c44
1,validation,b1c5
1,validation,b1c17
1,validation,b1c18
1,validation,b1c20
1,validation,b1c24
1,validation,b1c25
1,validation,b1c30
1,validation,b1c35
1,validation,b1c37
1,validation,b1c42
2,train,b1c5
2,train,b1c15
2,train,b1c16
2,train,b1c17
2,train,b1c18
2,train,b1c19
2,train,b1c20
2,train,b1c24
2,train,b1c25
2,train,b1c27
2,train,b1c30
2,train,b1c32
2,train,b1c33
2,train,b1c34
2,train,b1c35
2,train,b1c37
2,train,b1c39
2,train,b1c42
2,train,b1c44
2,validation,b1c6
2,validation,b1c7
2,validation,b1c9
2,validation,b1c11
2,validation,b1c14
2,validation,b1c28
2,validation,b1c29
2,validation,b1c38
2,validation,b1c43
3,train,b1c5
3,train,b1c6
3,train,b1c7
3,train,b1c9
3,train,b1c11
3,train,b1c14
3,train,b1c17
3,train,b1c18
3,train,b1c20
3,train,b1c24
3,train,b1c25
3,train,b1c28
3,train,b1c29
3,train,b1c30
3,train,b1c35
3,train,b1c37
3,train,b1c38
3,train,b1c42
3,train,b1c43
3,validation,b1c15
3,validation,b1c16
3,validation,b1c19
3,validation,b1c27
3,validation,b1c32
3,validation,b1c33
3,validation,b1c34
3,validation,b1c39
3,validation,b1c44
