dataset,group,n,mape_pct,mae_cycles,bias_cycles
Test_B2,all,39,55.21845795466488,272.0021782629305,223.1782830022803
Test_B2,life_lt500,28,66.02674925159359,295.52216372698837,295.52216372698837
Test_B2,life_500_to1000,8,29.30273305455841,191.1915803536989,154.1580222252853
Test_B2,life_gt1000,3,23.449672250280813,267.97724168967505,-267.97724168967505
Test_B2,IR_missing,6,44.351721337771345,239.94764195041748,168.33428671227196
Test_B2,IR_present,33,57.19422824864552,277.8302757742965,233.14991869137273
Test_B2,known_policy,7,69.43843637066351,316.9987672030183,316.9987672030183
Test_B2,unseen_policy,32,52.107837676165175,262.15917443228636,202.65505208336887
Valid_B1_holdout,all,8,8.440339000096708,70.29377799165084,-24.730572210383002
Valid_B1_holdout,life_500_to1000,6,7.2239122998011736,52.07941381494834,8.671527226742114
Valid_B1_holdout,life_gt1000,2,12.089619100983315,124.93687052175835,-124.93687052175835
Valid_B1_holdout,IR_present,8,8.440339000096708,70.29377799165084,-24.730572210383002
Valid_B1_holdout,known_policy,5,7.720231495477785,53.33314144495821,19.567987805070334
Valid_B1_holdout,unseen_policy,3,9.640518174461581,98.56150556947189,-98.56150556947189
