batch,policy,n,mean_life,median_life,std_life,late_slope_n,late_slope_mean,late_slope_median,c_rate_stage1,c_rate_stage2,transition_soc_pct
Batch 1,4.4C(80%)-4.4C,1,1074.0,1074.0,,1,-0.0006420415874258,-0.0006420415874258,4.4,4.4,80.0
Batch 1,4.8C(80%)-4.8C,2,753.0,753.0,165.46298679765212,2,-0.0009705413278381,-0.0009705413278381,4.8,4.8,80.0
Batch 1,5.4C(40%)-3.6C,1,1054.0,1054.0,,1,-0.0006271592740878,-0.0006271592740878,5.4,3.6,40.0
Batch 1,5.4C(50%)-3C,1,788.0,788.0,,1,-0.0007940043569173,-0.0007940043569173,5.4,3.0,50.0
Batch 1,5.4C(60%)-3.6C,2,859.5,859.5,3.5355339059327378,2,-0.000857620279294,-0.000857620279294,5.4,3.6,60.0
Batch 1,5.4C(60%)-3C,2,799.5,799.5,113.84419177103415,2,-0.0008484409969394999,-0.0008484409969394999,5.4,3.0,60.0
Batch 1,5.4C(70%)-3C,2,739.5,739.5,68.58935777509511,2,-0.00086293071259595,-0.00086293071259595,5.4,3.0,70.0
Batch 1,5.4C(80%)-5.4C,2,546.5,546.5,17.67766952966369,2,-0.0008577963206733001,-0.0008577963206733001,5.4,5.4,80.0
Batch 1,6C(30%)-3.6C,1,1014.0,1014.0,,1,-0.0006557965072166,-0.0006557965072166,6.0,3.6,30.0
Batch 1,6C(40%)-3.6C,2,856.0,856.0,19.79898987322333,2,-0.000800019987083,-0.000800019987083,6.0,3.6,40.0
Batch 1,6C(40%)-3C,2,935.5,935.5,115.25840533340725,2,-0.00065116037619885,-0.00065116037619885,6.0,3.0,40.0
Batch 1,6C(50%)-3.6C,2,792.5,792.5,118.08683245815344,2,-0.0009490007959279999,-0.0009490007959279999,6.0,3.6,50.0
Batch 1,6C(50%)-3C,2,888.5,888.5,40.30508652763321,2,-0.0007186759839626501,-0.0007186759839626501,6.0,3.0,50.0
Batch 1,6C(60%)-3C,2,744.0,744.0,18.384776310850235,2,-0.0009427446274384501,-0.0009427446274384501,6.0,3.0,60.0
Batch 1,7C(30%)-3.6C,2,722.5,722.5,27.577164466275352,2,-0.0009841104334941,-0.0009841104334941,7.0,3.6,30.0
Batch 1,7C(40%)-3.6C,2,621.0,621.0,5.656854249492381,2,-0.0011689443633421,-0.0011689443633421,7.0,3.6,40.0
Batch 1,7C(40%)-3C,2,676.0,676.0,39.59797974644666,2,-0.0010002536707897,-0.0010002536707897,7.0,3.0,40.0
Batch 1,8C(15%)-3.6C,2,1008.5,1008.5,60.10407640085654,2,-0.00064089395333985,-0.00064089395333985,8.0,3.6,15.0
Batch 1,8C(25%)-3.6C,2,676.5,676.5,36.062445840513924,2,-0.000948986085776,-0.000948986085776,8.0,3.6,25.0
Batch 1,8C(35%)-3.6C,2,607.5,607.5,12.020815280171307,2,-0.0010603779854751,-0.0010603779854751,8.0,3.6,35.0
Batch 2,3.6C(30%)-6C,2,421.0,421.0,7.0710678118654755,2,-0.0013663352640353,-0.0013663352640353,3.6,6.0,30.0
Batch 2,3.6C(9%)-5C,2,394.5,394.5,2.1213203435596424,2,-0.00167869270350535,-0.00167869270350535,3.6,5.0,9.0
Batch 2,4.65C(44%)-5C,2,482.5,482.5,23.33452377915607,2,-0.0014980355849469,-0.0014980355849469,4.65,5.0,44.0
Batch 2,4.65C(69%)-6C,2,452.0,452.0,11.313708498984761,2,-0.0015110704769252,-0.0015110704769252,4.65,6.0,69.0
Batch 2,4.8C(80%)-4.8C,5,483.6,492.0,30.319960422137754,5,-0.0015747581077617,-0.0015641798303167,4.8,4.8,80.0
Batch 2,4.8C(80%)-4.8C-newstructure,3,871.6666666666666,809.0,137.19086461325819,3,-0.0008364332262686333,-0.0008140671192176,4.8,4.8,80.0
Batch 2,5.2C(50%)-4.25C,5,454.0,449.0,20.916500663351883,5,-0.0018171115038587,-0.0018222463772396,5.2,4.25,50.0
Batch 2,5.2C(58%)-4C,4,477.75,483.0,18.46392879824515,4,-0.001957849902378325,-0.00194859672288375,5.2,4.0,58.0
Batch 2,5.2C(58%)-4C-newstructure,3,961.6666666666666,904.0,157.62085310431905,3,-0.0008916154044585333,-0.0009543002271062,5.2,4.0,58.0
Batch 2,5.6C(26%)-4.5C,6,448.5,446.0,29.12559012277692,6,-0.0015299009050753999,-0.0015721215313734501,5.6,4.5,26.0
Batch 2,5.6C(26%)-4.5C-newstructure,3,991.3333333333334,997.0,197.56096105590632,3,-0.0007955633734838667,-0.0008253369544813,5.6,4.5,26.0
Batch 2,6C(60%)-3C,2,400.0,400.0,11.313708498984761,2,-0.00199633065321805,-0.00199633065321805,6.0,3.0,60.0
Batch 3,3.7C(31%)-5.9C-newstructure,3,660.0,667.0,115.65898149300814,3,-0.0004937924532985333,-0.0005027048879141,3.7,5.9,31.0
Batch 3,4.8C(80%)-4.8C-newstructure,4,1588.25,1719.5,350.9381474467165,4,-0.000425396779845925,-0.00035635555946065,4.8,4.8,80.0
Batch 3,5.3C(54%)-4C-newstructure,8,1074.375,1051.0,129.67424846239024,8,-0.000634384572650425,-0.0006764978994187,5.3,4.0,54.0
Batch 3,5.6C(19%)-4.6C-newstructure,7,963.4285714285714,1028.0,148.689673641511,7,-0.0006764090649544429,-0.0006585988346867,5.6,4.6,19.0
Batch 3,5.6C(36%)-4.3C-newstructure,8,930.875,890.5,135.0242703051143,8,-0.0007043362808741625,-0.0007339383704383501,5.6,4.3,36.0
Batch 3,5.9C(15%)-4.6C-newstructure,2,867.0,867.0,12.727922061357855,2,-0.0007153040355245,-0.0007153040355245,5.9,4.6,15.0
Batch 3,5.9C(60%)-3.1C-newstructure,2,866.5,866.5,191.6259377015544,2,-0.00079950620857235,-0.00079950620857235,5.9,3.1,60.0
Batch 3,5C(67%)-4C-newstructure,6,1115.6666666666667,918.5,440.4241894658679,6,-0.0006514881748412,-0.0006971697937875,5.0,4.0,67.0
