batch,feature_1,feature_2,n,x_unique,y_unique,pearson_r
Batch 1,qd_cycle2,qd_cycle2,36,36,36,0.9999999999999998
Batch 1,qd_cycle2,qd_change_100_10,36,36,36,-0.1486135425453233
Batch 1,qd_cycle2,qd_slope_10_100,36,36,36,-0.12195268624141603
Batch 1,qd_cycle2,ir_mean_2_100,36,36,36,-0.06850552894981639
Batch 1,qd_cycle2,ir_change_early,36,36,36,0.2954046254615169
Batch 1,qd_cycle2,tavg_mean_2_100,36,36,36,-0.08688821867317761
Batch 1,qd_cycle2,chargetime_mean_2_100,36,36,36,-0.24291839356750536
Batch 1,qd_cycle2,log10_deltaq_var,36,36,36,0.23929661547616188
Batch 1,qd_change_100_10,qd_cycle2,36,36,36,-0.14861354254532333
Batch 1,qd_change_100_10,qd_change_100_10,36,36,36,1.0
Batch 1,qd_change_100_10,qd_slope_10_100,36,36,36,0.9862307011529893
Batch 1,qd_change_100_10,ir_mean_2_100,36,36,36,0.4798016205791865
Batch 1,qd_change_100_10,ir_change_early,36,36,36,0.2689513418490311
Batch 1,qd_change_100_10,tavg_mean_2_100,36,36,36,0.1279654875336325
Batch 1,qd_change_100_10,chargetime_mean_2_100,36,36,36,0.5998466708651593
Batch 1,qd_change_100_10,log10_deltaq_var,36,36,36,-0.6557506395128647
Batch 1,qd_slope_10_100,qd_cycle2,36,36,36,-0.12195268624141603
Batch 1,qd_slope_10_100,qd_change_100_10,36,36,36,0.9862307011529893
Batch 1,qd_slope_10_100,qd_slope_10_100,36,36,36,0.9999999999999999
Batch 1,qd_slope_10_100,ir_mean_2_100,36,36,36,0.44903673415548995
Batch 1,qd_slope_10_100,ir_change_early,36,36,36,0.30265583968818066
Batch 1,qd_slope_10_100,tavg_mean_2_100,36,36,36,0.09448283375258229
Batch 1,qd_slope_10_100,chargetime_mean_2_100,36,36,36,0.5573417977681667
Batch 1,qd_slope_10_100,log10_deltaq_var,36,36,36,-0.677580274759699
Batch 1,ir_mean_2_100,qd_cycle2,36,36,36,-0.0685055289498164
Batch 1,ir_mean_2_100,qd_change_100_10,36,36,36,0.47980162057918646
Batch 1,ir_mean_2_100,qd_slope_10_100,36,36,36,0.44903673415548995
Batch 1,ir_mean_2_100,ir_mean_2_100,36,36,36,1.0
Batch 1,ir_mean_2_100,ir_change_early,36,36,36,-0.42164430023933885
Batch 1,ir_mean_2_100,tavg_mean_2_100,36,36,36,-0.20031473619218826
Batch 1,ir_mean_2_100,chargetime_mean_2_100,36,36,36,0.30421559372574963
Batch 1,ir_mean_2_100,log10_deltaq_var,36,36,36,-0.2707858043721549
Batch 1,ir_change_early,qd_cycle2,36,36,36,0.2954046254615169
Batch 1,ir_change_early,qd_change_100_10,36,36,36,0.2689513418490311
Batch 1,ir_change_early,qd_slope_10_100,36,36,36,0.30265583968818066
Batch 1,ir_change_early,ir_mean_2_100,36,36,36,-0.42164430023933885
Batch 1,ir_change_early,ir_change_early,36,36,36,1.0
Batch 1,ir_change_early,tavg_mean_2_100,36,36,36,0.24986516626409042
Batch 1,ir_change_early,chargetime_mean_2_100,36,36,36,0.2153640529848294
Batch 1,ir_change_early,log10_deltaq_var,36,36,36,-0.08070507226050185
Batch 1,tavg_mean_2_100,qd_cycle2,36,36,36,-0.08688821867317761
Batch 1,tavg_mean_2_100,qd_change_100_10,36,36,36,0.1279654875336325
Batch 1,tavg_mean_2_100,qd_slope_10_100,36,36,36,0.09448283375258229
Batch 1,tavg_mean_2_100,ir_mean_2_100,36,36,36,-0.20031473619218826
Batch 1,tavg_mean_2_100,ir_change_early,36,36,36,0.2498651662640904
Batch 1,tavg_mean_2_100,tavg_mean_2_100,36,36,36,1.0
Batch 1,tavg_mean_2_100,chargetime_mean_2_100,36,36,36,0.21983596023666604
Batch 1,tavg_mean_2_100,log10_deltaq_var,36,36,36,0.139369264708539
Batch 1,chargetime_mean_2_100,qd_cycle2,36,36,36,-0.24291839356750536
Batch 1,chargetime_mean_2_100,qd_change_100_10,36,36,36,0.5998466708651594
Batch 1,chargetime_mean_2_100,qd_slope_10_100,36,36,36,0.5573417977681667
Batch 1,chargetime_mean_2_100,ir_mean_2_100,36,36,36,0.30421559372574963
Batch 1,chargetime_mean_2_100,ir_change_early,36,36,36,0.21536405298482944
Batch 1,chargetime_mean_2_100,tavg_mean_2_100,36,36,36,0.21983596023666602
Batch 1,chargetime_mean_2_100,chargetime_mean_2_100,36,36,36,1.0
Batch 1,chargetime_mean_2_100,log10_deltaq_var,36,36,36,-0.6238302561486316
Batch 1,log10_deltaq_var,qd_cycle2,36,36,36,0.23929661547616185
Batch 1,log10_deltaq_var,qd_change_100_10,36,36,36,-0.6557506395128647
Batch 1,log10_deltaq_var,qd_slope_10_100,36,36,36,-0.6775802747596988
Batch 1,log10_deltaq_var,ir_mean_2_100,36,36,36,-0.2707858043721548
Batch 1,log10_deltaq_var,ir_change_early,36,36,36,-0.08070507226050185
Batch 1,log10_deltaq_var,tavg_mean_2_100,36,36,36,0.13936926470853903
Batch 1,log10_deltaq_var,chargetime_mean_2_100,36,36,36,-0.6238302561486316
Batch 1,log10_deltaq_var,log10_deltaq_var,36,36,36,1.0
Batch 2,qd_cycle2,qd_cycle2,39,39,39,1.0
Batch 2,qd_cycle2,qd_change_100_10,39,39,39,0.11436314112196849
Batch 2,qd_cycle2,qd_slope_10_100,39,39,39,0.12663591474536348
Batch 2,qd_cycle2,ir_mean_2_100,33,33,33,0.48611967925053184
Batch 2,qd_cycle2,ir_change_early,33,33,33,0.0066430049210371885
Batch 2,qd_cycle2,tavg_mean_2_100,39,39,39,-0.2999195112091687
Batch 2,qd_cycle2,chargetime_mean_2_100,39,39,39,0.22662688328269598
Batch 2,qd_cycle2,log10_deltaq_var,39,39,39,0.3321354533421899
Batch 2,qd_change_100_10,qd_cycle2,39,39,39,0.11436314112196848
Batch 2,qd_change_100_10,qd_change_100_10,39,39,39,0.9999999999999999
Batch 2,qd_change_100_10,qd_slope_10_100,39,39,39,0.8893075995418861
Batch 2,qd_change_100_10,ir_mean_2_100,33,33,33,0.30618180881423807
Batch 2,qd_change_100_10,ir_change_early,33,33,33,0.47753922607671995
Batch 2,qd_change_100_10,tavg_mean_2_100,39,39,39,-0.2134779799621376
Batch 2,qd_change_100_10,chargetime_mean_2_100,39,39,39,0.03178635591688749
Batch 2,qd_change_100_10,log10_deltaq_var,39,39,39,-0.039396009182437644
Batch 2,qd_slope_10_100,qd_cycle2,39,39,39,0.12663591474536348
Batch 2,qd_slope_10_100,qd_change_100_10,39,39,39,0.889307599541886
Batch 2,qd_slope_10_100,qd_slope_10_100,39,39,39,1.0
Batch 2,qd_slope_10_100,ir_mean_2_100,33,33,33,0.41381071805874514
Batch 2,qd_slope_10_100,ir_change_early,33,33,33,0.4370450012855488
Batch 2,qd_slope_10_100,tavg_mean_2_100,39,39,39,-0.22958184193161604
Batch 2,qd_slope_10_100,chargetime_mean_2_100,39,39,39,0.3131732371148229
Batch 2,qd_slope_10_100,log10_deltaq_var,39,39,39,0.22103150916535258
Batch 2,ir_mean_2_100,qd_cycle2,33,33,33,0.48611967925053184
Batch 2,ir_mean_2_100,qd_change_100_10,33,33,33,0.30618180881423807
Batch 2,ir_mean_2_100,qd_slope_10_100,33,33,33,0.41381071805874514
Batch 2,ir_mean_2_100,ir_mean_2_100,33,33,33,1.0
Batch 2,ir_mean_2_100,ir_change_early,33,33,33,0.05416657111646965
Batch 2,ir_mean_2_100,tavg_mean_2_100,33,33,33,-0.12746358324676016
Batch 2,ir_mean_2_100,chargetime_mean_2_100,33,33,33,0.6199301719465009
Batch 2,ir_mean_2_100,log10_deltaq_var,33,33,33,0.609209745468827
Batch 2,ir_change_early,qd_cycle2,33,33,33,0.0066430049210371885
Batch 2,ir_change_early,qd_change_100_10,33,33,33,0.47753922607671995
Batch 2,ir_change_early,qd_slope_10_100,33,33,33,0.4370450012855488
Batch 2,ir_change_early,ir_mean_2_100,33,33,33,0.05416657111646964
Batch 2,ir_change_early,ir_change_early,33,33,33,1.0
Batch 2,ir_change_early,tavg_mean_2_100,33,33,33,0.08339873573668974
Batch 2,ir_change_early,chargetime_mean_2_100,33,33,33,-0.36471175107312404
Batch 2,ir_change_early,log10_deltaq_var,33,33,33,-0.39126205880092524
Batch 2,tavg_mean_2_100,qd_cycle2,39,39,39,-0.2999195112091687
Batch 2,tavg_mean_2_100,qd_change_100_10,39,39,39,-0.2134779799621376
Batch 2,tavg_mean_2_100,qd_slope_10_100,39,39,39,-0.22958184193161602
Batch 2,tavg_mean_2_100,ir_mean_2_100,33,33,33,-0.12746358324676016
Batch 2,tavg_mean_2_100,ir_change_early,33,33,33,0.08339873573668974
Batch 2,tavg_mean_2_100,tavg_mean_2_100,39,39,39,0.9999999999999998
Batch 2,tavg_mean_2_100,chargetime_mean_2_100,39,39,39,-0.3672932028914873
Batch 2,tavg_mean_2_100,log10_deltaq_var,39,39,39,-0.407191365955953
Batch 2,chargetime_mean_2_100,qd_cycle2,39,39,39,0.226626883282696
Batch 2,chargetime_mean_2_100,qd_change_100_10,39,39,39,0.03178635591688749
Batch 2,chargetime_mean_2_100,qd_slope_10_100,39,39,39,0.3131732371148229
Batch 2,chargetime_mean_2_100,ir_mean_2_100,33,33,33,0.6199301719465009
Batch 2,chargetime_mean_2_100,ir_change_early,33,33,33,-0.3647117510731241
Batch 2,chargetime_mean_2_100,tavg_mean_2_100,39,39,39,-0.36729320289148737
Batch 2,chargetime_mean_2_100,chargetime_mean_2_100,39,39,39,0.9999999999999998
Batch 2,chargetime_mean_2_100,log10_deltaq_var,39,39,39,0.9567159862663065
Batch 2,log10_deltaq_var,qd_cycle2,39,39,39,0.3321354533421899
Batch 2,log10_deltaq_var,qd_change_100_10,39,39,39,-0.039396009182437644
Batch 2,log10_deltaq_var,qd_slope_10_100,39,39,39,0.22103150916535255
Batch 2,log10_deltaq_var,ir_mean_2_100,33,33,33,0.609209745468827
Batch 2,log10_deltaq_var,ir_change_early,33,33,33,-0.3912620588009252
Batch 2,log10_deltaq_var,tavg_mean_2_100,39,39,39,-0.407191365955953
Batch 2,log10_deltaq_var,chargetime_mean_2_100,39,39,39,0.9567159862663065
Batch 2,log10_deltaq_var,log10_deltaq_var,39,39,39,1.0
Batch 3,qd_cycle2,qd_cycle2,40,40,40,1.0
Batch 3,qd_cycle2,qd_change_100_10,40,40,40,0.13297280648221624
Batch 3,qd_cycle2,qd_slope_10_100,40,40,40,0.14152772867718166
Batch 3,qd_cycle2,ir_mean_2_100,40,40,40,-0.029940749179392153
Batch 3,qd_cycle2,ir_change_early,40,40,40,0.11130009836423702
Batch 3,qd_cycle2,tavg_mean_2_100,40,40,40,-0.3248560934623167
Batch 3,qd_cycle2,chargetime_mean_2_100,40,40,40,0.04680103297534117
Batch 3,qd_cycle2,log10_deltaq_var,40,40,40,0.045770390075865953
Batch 3,qd_change_100_10,qd_cycle2,40,40,40,0.13297280648221624
Batch 3,qd_change_100_10,qd_change_100_10,40,40,40,1.0
Batch 3,qd_change_100_10,qd_slope_10_100,40,40,40,0.9925999821676937
Batch 3,qd_change_100_10,ir_mean_2_100,40,40,40,0.7032655708229323
Batch 3,qd_change_100_10,ir_change_early,40,40,40,-0.8314274850842518
Batch 3,qd_change_100_10,tavg_mean_2_100,40,40,40,-0.25423141074269523
Batch 3,qd_change_100_10,chargetime_mean_2_100,40,40,40,0.0562603174878267
Batch 3,qd_change_100_10,log10_deltaq_var,40,40,40,-0.6582863332753424
Batch 3,qd_slope_10_100,qd_cycle2,40,40,40,0.1415277286771817
Batch 3,qd_slope_10_100,qd_change_100_10,40,40,40,0.9925999821676937
Batch 3,qd_slope_10_100,qd_slope_10_100,40,40,40,0.9999999999999999
Batch 3,qd_slope_10_100,ir_mean_2_100,40,40,40,0.7016383936176389
Batch 3,qd_slope_10_100,ir_change_early,40,40,40,-0.8362872804032303
Batch 3,qd_slope_10_100,tavg_mean_2_100,40,40,40,-0.25109960609918064
Batch 3,qd_slope_10_100,chargetime_mean_2_100,40,40,40,0.08995947882747535
Batch 3,qd_slope_10_100,log10_deltaq_var,40,40,40,-0.6878796697879088
Batch 3,ir_mean_2_100,qd_cycle2,40,40,40,-0.029940749179392153
Batch 3,ir_mean_2_100,qd_change_100_10,40,40,40,0.7032655708229323
Batch 3,ir_mean_2_100,qd_slope_10_100,40,40,40,0.7016383936176389
Batch 3,ir_mean_2_100,ir_mean_2_100,40,40,40,1.0
Batch 3,ir_mean_2_100,ir_change_early,40,40,40,-0.6932727467783711
Batch 3,ir_mean_2_100,tavg_mean_2_100,40,40,40,-0.18677875609932
Batch 3,ir_mean_2_100,chargetime_mean_2_100,40,40,40,0.018799084595023316
Batch 3,ir_mean_2_100,log10_deltaq_var,40,40,40,-0.4254854674461205
Batch 3,ir_change_early,qd_cycle2,40,40,40,0.11130009836423702
Batch 3,ir_change_early,qd_change_100_10,40,40,40,-0.8314274850842519
Batch 3,ir_change_early,qd_slope_10_100,40,40,40,-0.8362872804032302
Batch 3,ir_change_early,ir_mean_2_100,40,40,40,-0.6932727467783711
Batch 3,ir_change_early,ir_change_early,40,40,40,1.0
Batch 3,ir_change_early,tavg_mean_2_100,40,40,40,0.21341821173309852
Batch 3,ir_change_early,chargetime_mean_2_100,40,40,40,-0.023748341537888233
Batch 3,ir_change_early,log10_deltaq_var,40,40,40,0.7009683808539698
Batch 3,tavg_mean_2_100,qd_cycle2,40,40,40,-0.32485609346231664
Batch 3,tavg_mean_2_100,qd_change_100_10,40,40,40,-0.2542314107426952
Batch 3,tavg_mean_2_100,qd_slope_10_100,40,40,40,-0.25109960609918064
Batch 3,tavg_mean_2_100,ir_mean_2_100,40,40,40,-0.18677875609932001
Batch 3,tavg_mean_2_100,ir_change_early,40,40,40,0.2134182117330985
Batch 3,tavg_mean_2_100,tavg_mean_2_100,40,40,40,1.0
Batch 3,tavg_mean_2_100,chargetime_mean_2_100,40,40,40,-0.22804118889113678
Batch 3,tavg_mean_2_100,log10_deltaq_var,40,40,40,0.06151262548493628
Batch 3,chargetime_mean_2_100,qd_cycle2,40,40,40,0.04680103297534117
Batch 3,chargetime_mean_2_100,qd_change_100_10,40,40,40,0.05626031748782671
Batch 3,chargetime_mean_2_100,qd_slope_10_100,40,40,40,0.08995947882747535
Batch 3,chargetime_mean_2_100,ir_mean_2_100,40,40,40,0.01879908459502332
Batch 3,chargetime_mean_2_100,ir_change_early,40,40,40,-0.02374834153788823
Batch 3,chargetime_mean_2_100,tavg_mean_2_100,40,40,40,-0.2280411888911368
Batch 3,chargetime_mean_2_100,chargetime_mean_2_100,40,40,40,0.9999999999999998
Batch 3,chargetime_mean_2_100,log10_deltaq_var,40,40,40,-0.4926421101438593
Batch 3,log10_deltaq_var,qd_cycle2,40,40,40,0.04577039007586596
Batch 3,log10_deltaq_var,qd_change_100_10,40,40,40,-0.6582863332753424
Batch 3,log10_deltaq_var,qd_slope_10_100,40,40,40,-0.6878796697879089
Batch 3,log10_deltaq_var,ir_mean_2_100,40,40,40,-0.4254854674461205
Batch 3,log10_deltaq_var,ir_change_early,40,40,40,0.7009683808539698
Batch 3,log10_deltaq_var,tavg_mean_2_100,40,40,40,0.06151262548493627
Batch 3,log10_deltaq_var,chargetime_mean_2_100,40,40,40,-0.4926421101438593
Batch 3,log10_deltaq_var,log10_deltaq_var,40,40,40,1.0
