batch,cell_id,early_slope,late_slope,late_decline_faster
Batch 1,b1c11,4.613694855870166e-06,-0.0007940043569173713,True
Batch 1,b1c14,1.630952062430929e-05,-0.0007374431464120622,True
Batch 1,b1c15,1.673795190317282e-05,-0.0009594388474670858,True
Batch 1,b1c16,1.3498762541802934e-05,-0.0008943331569513907,True
Batch 1,b1c17,5.362154801722931e-06,-0.0008209074016367863,True
Batch 1,b1c18,-6.229287805528483e-05,-0.0009191929306900413,True
Batch 1,b1c19,-2.0336293995851352e-05,-0.00080666849450195,True
Batch 1,b1c20,-0.00014945135531135723,-0.0007512515463133239,True
Batch 1,b1c21,-9.035583054625644e-05,-0.0009643410950333429,True
Batch 1,b1c23,-1.5297888198762094e-05,-0.0006557965072166367,True
Batch 1,b1c24,-7.558493390664127e-06,-0.0006076041560775885,True
Batch 1,b1c25,-1.0512616658699725e-05,-0.0006947165963202466,True
Batch 1,b1c26,-2.4660891861760114e-05,-0.0008020720883738148,True
Batch 1,b1c27,-2.0381876094918566e-05,-0.0007979678857922372,True
Batch 1,b1c28,-1.5225352763173364e-05,-0.0007332274918223777,True
Batch 1,b1c29,-1.4454562828473083e-05,-0.0007041244761030141,True
Batch 1,b1c30,-2.5976043956036012e-05,-0.001050256352626396,True
Batch 1,b1c31,-3.470540531931799e-05,-0.0008477452392297348,True
Batch 1,b1c32,-2.147387004299617e-05,-0.0009360767405165168,True
Batch 1,b1c33,-3.1796946966077e-05,-0.0009494125143604046,True
Batch 1,b1c34,-1.0398015607580281e-05,-0.0010060442516945092,True
Batch 1,b1c35,-5.950627488450408e-06,-0.0009621766152937849,True
Batch 1,b1c36,-1.628153049849124e-05,-0.0009800800000656022,True
Batch 1,b1c37,-1.9236196846627564e-05,-0.0010204273415138638,True
Batch 1,b1c38,-1.8634390826566925e-05,-0.001168401100140589,True
Batch 1,b1c39,-1.355503105589223e-05,-0.0011694876265437827,True
Batch 1,b1c40,-1.8422352285391665e-05,-0.0006530417416938202,True
Batch 1,b1c41,-9.669214843125774e-06,-0.0006287461649859248,True
Batch 1,b1c42,-7.099162286985007e-06,-0.0009011471816710767,True
Batch 1,b1c43,-3.225106864150365e-05,-0.0009968249898810577,True
Batch 1,b1c44,-4.222089504697998e-05,-0.001006725105119241,True
Batch 1,b1c45,-2.2526972447838818e-05,-0.0011140308658310757,True
Batch 1,b1c5,2.0457525083623468e-06,-0.0006420415874258821,True
Batch 1,b1c6,-1.8384228380318223e-05,-0.0011276657630882089,True
Batch 1,b1c7,-1.2389668737060214e-05,-0.000813416892588058,True
Batch 1,b1c9,5.299069915599302e-06,-0.0006271592740878488,True
Batch 2,b2c0,1.0050197483675751e-05,-0.0018695200067145993,True
Batch 2,b2c1,-3.1866625258790506e-05,-0.0013979031866419307,True
Batch 2,b2c10,6.384393725116053e-05,-0.0016646134538033368,True
Batch 2,b2c11,0.00012643977384934718,-0.002082402300695557,True
Batch 2,b2c12,3.275929447364646e-05,-0.0014403120195788008,True
Batch 2,b2c13,-8.52741041567002e-06,-0.001604082550207395,True
Batch 2,b2c14,-0.0001001943749004632,-0.0015042680238690487,True
Batch 2,b2c15,8.864344640866963e-05,-0.0015539982721519002,True
Batch 2,b2c16,-2.2458525242871458e-05,-0.0014387330305151178,True
Batch 2,b2c17,3.920608058608689e-05,-0.001261046341965286,True
Batch 2,b2c18,0.00010981586399107856,-0.0016137802542700718,True
Batch 2,b2c19,1.2324980092367542e-05,-0.002022176481499515,True
Batch 2,b2c2,-6.105121197639826e-06,-0.0016267513656439288,True
Batch 2,b2c20,2.7545793916224386e-05,-0.001995908157208527,True
Batch 2,b2c21,3.9052729096991255e-05,-0.001970484824936602,True
Batch 2,b2c24,4.004748686096753e-05,-0.0015641798303167435,True
Batch 2,b2c25,3.655321070234296e-05,-0.0019012852885590588,True
Batch 2,b2c26,-8.591318681323915e-06,-0.0015627806338588963,True
Batch 2,b2c27,8.367819397993538e-05,-0.0019403772214445713,True
Batch 2,b2c28,5.108195572543323e-05,-0.0016562383165439761,True
Batch 2,b2c29,0.00011401295747730604,-0.0020646861570313767,True
Batch 2,b2c3,7.46289679885362e-05,-0.0015557591503150279,True
Batch 2,b2c30,-8.940455964325517e-05,-0.001617184964736997,True
Batch 2,b2c31,4.7088318203547896e-05,-0.0015814624288881542,True
Batch 2,b2c32,-7.674978818282664e-05,-0.0008140671192176831,True
Batch 2,b2c33,-0.00013961106864150057,-0.0005934524114596347,True
Batch 2,b2c34,-6.514612836439189e-05,-0.0005377393324977891,True
Batch 2,b2c4,-6.578035355948732e-05,-0.0014180584036431736,True
Batch 2,b2c41,2.763353240961766e-05,-0.0017590278743615942,True
Batch 2,b2c42,8.673744545309738e-05,-0.0018222463772396425,True
Batch 2,b2c43,-8.207105590061978e-05,-0.0008083273604450441,True
Batch 2,b2c44,-2.9368394648826308e-05,-0.001127093574809805,True
Batch 2,b2c45,-8.36388612836361e-05,-0.0008253369544813636,True
Batch 2,b2c46,1.981349259437136e-05,-0.0015500259076295846,True
Batch 2,b2c5,-0.00018602243828634072,-0.0012284025042016817,True
Batch 2,b2c6,5.756180124223628e-05,-0.001803387134858814,True
Batch 2,b2c7,5.744192705845211e-05,-0.0008869051991433666,True
Batch 2,b2c8,-5.30790716674609e-05,-0.000954300227106228,True
Batch 2,b2c9,-3.945754419493187e-05,-0.0010236138334726583,True
Batch 3,b3c0,-1.5158867654082956e-05,-0.0006821407843800788,True
Batch 3,b3c1,-2.3035981844234756e-05,-0.0006620849599555668,True
Batch 3,b3c10,-1.0829767478889913e-05,-0.0006625822112704971,True
Batch 3,b3c11,-2.6095773212293817e-05,-0.0007759284509618109,True
Batch 3,b3c12,-1.403298136645261e-05,-0.0007826960985598335,True
Batch 3,b3c13,-2.3632121356909914e-05,-0.0007333973098686014,True
Batch 3,b3c14,-7.178810320113945e-06,-0.0007825859198886409,True
Batch 3,b3c15,-1.980556458034287e-05,-0.0006981104382221219,True
Batch 3,b3c16,-1.883284280936714e-05,-0.00037035904004340784,True
Batch 3,b3c17,-1.4394919573166945e-06,-0.00047711494033373487,True
Batch 3,b3c18,-3.550209428252919e-05,-0.0005819559769168503,True
Batch 3,b3c19,-3.5161089345438536e-05,-0.0005811401422924897,True
Batch 3,b3c20,-1.5147082337950086e-05,-0.0008820031396591114,True
Batch 3,b3c21,-0.00016548362478102064,-0.00050270488791411,True
Batch 3,b3c22,-2.3564351011294978e-05,-0.0006194732964599123,True
Batch 3,b3c24,-2.15247650899136e-07,-0.000712198803195044,True
Batch 3,b3c25,-2.9054260232480894e-06,-0.0006909108388819312,True
Batch 3,b3c26,-9.675868768901348e-06,-0.0006585988346867987,True
Batch 3,b3c27,-1.3569039655995085e-05,-0.0007642552313798759,True
Batch 3,b3c28,-0.00020474461697721804,-0.0005586424796840917,True
Batch 3,b3c29,-8.117663640705664e-06,-0.0007324976328269383,True
Batch 3,b3c3,-1.969855709507913e-05,-0.0006088084581306166,True
Batch 3,b3c30,-1.2096585443535233e-05,-0.0007365540935700417,True
Batch 3,b3c31,-1.799799808886109e-05,-0.0009795391206848345,True
Batch 3,b3c33,-1.9696050326486636e-05,-0.0005140883351954106,True
Batch 3,b3c34,-2.89226739926711e-05,-0.0005612239482271852,True
Batch 3,b3c35,-2.5849850294632247e-05,-0.0005732359465595313,True
Batch 3,b3c36,-3.125922599139511e-05,-0.0006364090687522871,True
Batch 3,b3c38,-1.464993948081487e-05,-0.00029839173077408806,True
Batch 3,b3c39,-1.8707799012583198e-05,-0.0004991415023754362,True
Batch 3,b3c4,-1.1781070234118693e-05,-0.000650071890070455,True
Batch 3,b3c40,-2.0118948877207218e-05,-0.0007616750456173866,True
Batch 3,b3c41,1.1853320593366783e-07,-0.0007751738184930437,True
Batch 3,b3c44,-6.09089345437082e-06,-0.0007482922940743046,True
Batch 3,b3c45,-5.629530179966145e-06,-0.0003423520788779237,True
Batch 3,b3c5,-2.237926580665397e-05,-0.0007036215094969679,True
Batch 3,b3c6,-0.0002030154196528045,-0.0004200299922975674,True
Batch 3,b3c7,-1.0694795349574862e-05,-0.000326293789192,True
Batch 3,b3c8,-1.3573261665868152e-05,-0.0008201062558437739,True
Batch 3,b3c9,-8.854330307374407e-06,-0.0006997540037855406,True
