cell_id,cycle_life_raw,n_summary,last_qd,exclusion_reason
b1c0,1190.0,1189,1.0262098,원저자 B1 비완주 5개 또는 별도 후속기록 필요 5개; 확정 교차 또는 80% 근처 종료 라벨로 확인되지 않음
b1c1,1179.0,1178,1.0382246,원저자 B1 비완주 5개 또는 별도 후속기록 필요 5개; 확정 교차 또는 80% 근처 종료 라벨로 확인되지 않음
b1c2,1177.0,1176,1.0432786,원저자 B1 비완주 5개 또는 별도 후속기록 필요 5개; 확정 교차 또는 80% 근처 종료 라벨로 확인되지 않음
b1c3,1226.0,1225,0.97092122,원저자 B1 비완주 5개 또는 별도 후속기록 필요 5개; 확정 교차 또는 80% 근처 종료 라벨로 확인되지 않음
b1c4,1227.0,1226,1.0219597,원저자 B1 비완주 5개 또는 별도 후속기록 필요 5개; 확정 교차 또는 80% 근처 종료 라벨로 확인되지 않음
b1c8,879.0,878,0.96902454,원저자 B1 비완주 5개 또는 별도 후속기록 필요 5개; 확정 교차 또는 80% 근처 종료 라벨로 확인되지 않음
b1c10,906.0,905,0.96101874,원저자 B1 비완주 5개 또는 별도 후속기록 필요 5개; 확정 교차 또는 80% 근처 종료 라벨로 확인되지 않음
b1c12,902.0,901,0.91311944,원저자 B1 비완주 5개 또는 별도 후속기록 필요 5개; 확정 교차 또는 80% 근처 종료 라벨로 확인되지 않음
b1c13,897.0,896,0.92313582,원저자 B1 비완주 5개 또는 별도 후속기록 필요 5개; 확정 교차 또는 80% 근처 종료 라벨로 확인되지 않음
b1c22,891.0,890,0.96327895,원저자 B1 비완주 5개 또는 별도 후속기록 필요 5개; 확정 교차 또는 80% 근처 종료 라벨로 확인되지 않음
b2c22,,920,1.0556005,확정 교차 또는 80% 근처 종료 라벨로 확인되지 않음; 수명 라벨 결측
b2c23,,1152,0.97824305,확정 교차 또는 80% 근처 종료 라벨로 확인되지 않음; 수명 라벨 결측
b2c35,,423,0.88112044,확정 교차 또는 80% 근처 종료 라벨로 확인되지 않음; 수명 라벨 결측
b2c36,,280,0.88107425,확정 교차 또는 80% 근처 종료 라벨로 확인되지 않음; 수명 라벨 결측
b2c37,,101,2.1693008,확정 교차 또는 80% 근처 종료 라벨로 확인되지 않음; 수명 라벨 결측
b2c38,,101,2.1653843,확정 교차 또는 80% 근처 종료 라벨로 확인되지 않음; 수명 라벨 결측
b2c39,,434,0.88120419,확정 교차 또는 80% 근처 종료 라벨로 확인되지 않음; 수명 라벨 결측
b2c40,,459,0.88021344,확정 교차 또는 80% 근처 종료 라벨로 확인되지 않음; 수명 라벨 결측
b3c2,1267.0,1266,0.88013124,원저자 B3 수집 오류·비완주·잡음 6개 제외 목록; 확정 교차 또는 80% 근처 종료 라벨로 확인되지 않음
b3c23,,2189,0.93701142,원저자 B3 수집 오류·비완주·잡음 6개 제외 목록; 확정 교차 또는 80% 근처 종료 라벨로 확인되지 않음; 수명 라벨 결측
b3c32,,2237,0.97388279,원저자 B3 수집 오류·비완주·잡음 6개 제외 목록; 확정 교차 또는 80% 근처 종료 라벨로 확인되지 않음; 수명 라벨 결측
b3c37,1390.0,1389,0.88049883,원저자 B3 수집 오류·비완주·잡음 6개 제외 목록; 확정 교차 또는 80% 근처 종료 라벨로 확인되지 않음
b3c42,1642.0,1641,0.88037544,원저자 B3 수집 오류·비완주·잡음 6개 제외 목록; 확정 교차 또는 80% 근처 종료 라벨로 확인되지 않음
b3c43,1046.0,1045,0.88060749,원저자 B3 수집 오류·비완주·잡음 6개 제외 목록; 확정 교차 또는 80% 근처 종료 라벨로 확인되지 않음
