batch,policy,n,mean_life,std_life,c_rate_stage1
Batch 1,4.4C(80%)-4.4C,1,1074.0,,4.4
Batch 1,4.8C(80%)-4.8C,2,753.0,165.46298679765212,4.8
Batch 1,5.4C(40%)-3.6C,1,1054.0,,5.4
Batch 1,5.4C(50%)-3C,1,788.0,,5.4
Batch 1,5.4C(60%)-3.6C,2,859.5,3.5355339059327378,5.4
Batch 1,5.4C(60%)-3C,2,799.5,113.84419177103415,5.4
Batch 1,5.4C(70%)-3C,2,739.5,68.58935777509511,5.4
Batch 1,5.4C(80%)-5.4C,2,546.5,17.67766952966369,5.4
Batch 1,6C(30%)-3.6C,1,1014.0,,6.0
Batch 1,6C(40%)-3.6C,2,856.0,19.79898987322333,6.0
Batch 1,6C(40%)-3C,2,935.5,115.25840533340725,6.0
Batch 1,6C(50%)-3.6C,2,792.5,118.08683245815344,6.0
Batch 1,6C(50%)-3C,2,888.5,40.30508652763321,6.0
Batch 1,6C(60%)-3C,2,744.0,18.384776310850235,6.0
Batch 1,7C(30%)-3.6C,2,722.5,27.577164466275352,7.0
Batch 1,7C(40%)-3.6C,2,621.0,5.656854249492381,7.0
Batch 1,7C(40%)-3C,2,676.0,39.59797974644666,7.0
Batch 1,8C(15%)-3.6C,2,1008.5,60.10407640085654,8.0
Batch 1,8C(25%)-3.6C,2,676.5,36.062445840513924,8.0
Batch 1,8C(35%)-3.6C,2,607.5,12.020815280171307,8.0
Batch 2,3.6C(30%)-6C,2,421.0,7.0710678118654755,3.6
Batch 2,3.6C(9%)-5C,2,394.5,2.1213203435596424,3.6
Batch 2,4.65C(44%)-5C,2,482.5,23.33452377915607,4.65
Batch 2,4.65C(69%)-6C,2,452.0,11.313708498984761,4.65
Batch 2,4.8C(80%)-4.8C,5,483.6,30.319960422137754,4.8
Batch 2,4.8C(80%)-4.8C-newstructure,3,871.6666666666666,137.19086461325819,4.8
Batch 2,5.2C(50%)-4.25C,5,454.0,20.916500663351883,5.2
Batch 2,5.2C(58%)-4C,4,477.75,18.46392879824515,5.2
Batch 2,5.2C(58%)-4C-newstructure,3,961.6666666666666,157.62085310431905,5.2
Batch 2,5.6C(26%)-4.5C,6,448.5,29.12559012277692,5.6
Batch 2,5.6C(26%)-4.5C-newstructure,3,991.3333333333334,197.56096105590632,5.6
Batch 2,6C(60%)-3C,2,400.0,11.313708498984761,6.0
Batch 3,3.7C(31%)-5.9C-newstructure,3,660.0,115.65898149300814,3.7
Batch 3,4.8C(80%)-4.8C-newstructure,4,1588.25,350.9381474467165,4.8
Batch 3,5.3C(54%)-4C-newstructure,8,1074.375,129.67424846239024,5.3
Batch 3,5.6C(19%)-4.6C-newstructure,7,963.4285714285714,148.689673641511,5.6
Batch 3,5.6C(36%)-4.3C-newstructure,8,930.875,135.0242703051143,5.6
Batch 3,5.9C(15%)-4.6C-newstructure,2,867.0,12.727922061357855,5.9
Batch 3,5.9C(60%)-3.1C-newstructure,2,866.5,191.6259377015544,5.9
Batch 3,5C(67%)-4C-newstructure,6,1115.6666666666667,440.4241894658679,5.0
